APPLICANT_CODE|RESP_TITLE|RESP_NAME_ORG|RESP_FORENAME1|RESP_FORENAME2|RESP_FORENAME3|RESP_SURNAME|RESP_ADDLINE1|RESP_ADDLINE2|RESP_ADDLINE3|RESP_ADDLINE4|RESP_ADDLINE5|RESP_POSTCODE|RESP_EMAIL|RESP_TEL|RESP_MOBILE|ACCOUNT_NUMBER|APPLICATION_CODE|APPLICATION_TEXT1|APPLICATION_TEXT2
APP012||Preview Finance 0001 Ltd|||||1 High Street|Walsall|Darlaston|Walsall|West Midlands|WS1 1SY|preview-finance-0001@test.cgi.com|0207 1234567|07700 900001|PL-0001|SW99062|Benjamin Young|
APP031|Mr||James|Edward|Thomas|Hargreaves0002|2 Park Road|Birmingham|Handsworth|Birchfield|West Midlands|B1 1BB|james.hargreaves-0002@test.cgi.com|0121 9876543|07700 900002|PL-0002|EF99007|£500.00|
APP012||Preview Corporation 0003 Ltd|||||3 Market Road|Walsall|Darlaston|Walsall|West Midlands|WS1 1SY|preview-corporation-0003@test.cgi.com|0207 1234567|07700 900003|PL-0003|RE99001|Test Address 3|
APP031|Mr||John|Smith|Alexander|Taylor0004|4 Station Road|Birmingham|Handsworth|Birchfield|West Midlands|B1 1BB|john.taylor-0004@test.cgi.com|0121 9876543|07700 900004|PL-0004|EF99007|£500.00|
APP012||Preview Finance 0005 Ltd|||||5 High Street|Walsall|Darlaston|Walsall|West Midlands|WS1 1SY|preview-finance-0005@test.cgi.com|0207 1234567|07700 900001|PL-0005|SW99062|Benjamin Young|
APP031|Mr||James|Edward|Thomas|Hargreaves0006|6 Park Road|Birmingham|Handsworth|Birchfield|West Midlands|B1 1BB|james.hargreaves-0006@test.cgi.com|0121 9876543|07700 900002|PL-0006|EF99007|£500.00|
APP012||Preview Corporation 0007 Ltd|||||7 Market Road|Walsall|Darlaston|Walsall|West Midlands|WS1 1SY|preview-corporation-0007@test.cgi.com|0207 1234567|07700 900003|PL-0007|RE99001|Test Address 7|
APP031|Mr||John|Smith|Alexander|Taylor0008|8 Station Road|Birmingham|Handsworth|Birchfield|West Midlands|B1 1BB|john.taylor-0008@test.cgi.com|0121 9876543|07700 900004|PL-0008|EF99007|£500.00|
APP012||Preview Finance 0009 Ltd|||||9 High Street|Walsall|Darlaston|Walsall|West Midlands|WS1 1SY|preview-finance-0009@test.cgi.com|0207 1234567|07700 900001|PL-0009|SW99062|Benjamin Young|
APP031|Mr||James|Edward|Thomas|Hargreaves0010|10 Park Road|Birmingham|Handsworth|Birchfield|West Midlands|B1 1BB|james.hargreaves-0010@test.cgi.com|0121 9876543|07700 900002|PL-0010|EF99007|£500.00|
APP012||Preview Corporation 0011 Ltd|||||11 Market Road|Walsall|Darlaston|Walsall|West Midlands|WS1 1SY|preview-corporation-0011@test.cgi.com|0207 1234567|07700 900003|PL-0011|RE99001|Test Address 11|
APP031|Mr||John|Smith|Alexander|Taylor0012|12 Station Road|Birmingham|Handsworth|Birchfield|West Midlands|B1 1BB|john.taylor-0012@test.cgi.com|0121 9876543|07700 900004|PL-0012|EF99007|£500.00|
APP012||Preview Finance 0013 Ltd|||||13 High Street|Walsall|Darlaston|Walsall|West Midlands|WS1 1SY|preview-finance-0013@test.cgi.com|0207 1234567|07700 900001|PL-0013|SW99062|Benjamin Young|
APP031|Mr||James|Edward|Thomas|Hargreaves0014|14 Park Road|Birmingham|Handsworth|Birchfield|West Midlands|B1 1BB|james.hargreaves-0014@test.cgi.com|0121 9876543|07700 900002|PL-0014|EF99007|£500.00|
APP012||Preview Corporation 0015 Ltd|||||15 Market Road|Walsall|Darlaston|Walsall|West Midlands|WS1 1SY|preview-corporation-0015@test.cgi.com|0207 1234567|07700 900003|PL-0015|RE99001|Test Address 15|
APP031|Mr||John|Smith|Alexander|Taylor0016|16 Station Road|Birmingham|Handsworth|Birchfield|West Midlands|B1 1BB|john.taylor-0016@test.cgi.com|0121 9876543|07700 900004|PL-0016|EF99007|£500.00|
APP012||Preview Finance 0017 Ltd|||||17 High Street|Walsall|Darlaston|Walsall|West Midlands|WS1 1SY|preview-finance-0017@test.cgi.com|0207 1234567|07700 900001|PL-0017|SW99062|Benjamin Young|
APP031|Mr||James|Edward|Thomas|Hargreaves0018|18 Park Road|Birmingham|Handsworth|Birchfield|West Midlands|B1 1BB|james.hargreaves-0018@test.cgi.com|0121 9876543|07700 900002|PL-0018|EF99007|£500.00|
APP012||Preview Corporation 0019 Ltd|||||19 Market Road|Walsall|Darlaston|Walsall|West Midlands|WS1 1SY|preview-corporation-0019@test.cgi.com|0207 1234567|07700 900003|PL-0019|RE99001|Test Address 19|
APP031|Mr||John|Smith|Alexander|Taylor0020|20 Station Road|Birmingham|Handsworth|Birchfield|West Midlands|B1 1BB|john.taylor-0020@test.cgi.com|0121 9876543|07700 900004|PL-0020|EF99007|£500.00|
APP012||Preview Finance 0021 Ltd|||||21 High Street|Walsall|Darlaston|Walsall|West Midlands|WS1 1SY|preview-finance-0021@test.cgi.com|0207 1234567|07700 900001|PL-0021|SW99062|Benjamin Young|
APP031|Mr||James|Edward|Thomas|Hargreaves0022|22 Park Road|Birmingham|Handsworth|Birchfield|West Midlands|B1 1BB|james.hargreaves-0022@test.cgi.com|0121 9876543|07700 900002|PL-0022|EF99007|£500.00|
APP012||Preview Corporation 0023 Ltd|||||23 Market Road|Walsall|Darlaston|Walsall|West Midlands|WS1 1SY|preview-corporation-0023@test.cgi.com|0207 1234567|07700 900003|PL-0023|RE99001|Test Address 23|
APP031|Mr||John|Smith|Alexander|Taylor0024|24 Station Road|Birmingham|Handsworth|Birchfield|West Midlands|B1 1BB|john.taylor-0024@test.cgi.com|0121 9876543|07700 900004|PL-0024|EF99007|£500.00|
APP012||Preview Finance 0025 Ltd|||||25 High Street|Walsall|Darlaston|Walsall|West Midlands|WS1 1SY|preview-finance-0025@test.cgi.com|0207 1234567|07700 900001|PL-0025|SW99062|Benjamin Young|
APP031|Mr||James|Edward|Thomas|Hargreaves0026|26 Park Road|Birmingham|Handsworth|Birchfield|West Midlands|B1 1BB|james.hargreaves-0026@test.cgi.com|0121 9876543|07700 900002|PL-0026|EF99007|£500.00|
APP012||Preview Corporation 0027 Ltd|||||27 Market Road|Walsall|Darlaston|Walsall|West Midlands|WS1 1SY|preview-corporation-0027@test.cgi.com|0207 1234567|07700 900003|PL-0027|RE99001|Test Address 27|
APP031|Mr||John|Smith|Alexander|Taylor0028|28 Station Road|Birmingham|Handsworth|Birchfield|West Midlands|B1 1BB|john.taylor-0028@test.cgi.com|0121 9876543|07700 900004|PL-0028|EF99007|£500.00|
APP012||Preview Finance 0029 Ltd|||||29 High Street|Walsall|Darlaston|Walsall|West Midlands|WS1 1SY|preview-finance-0029@test.cgi.com|0207 1234567|07700 900001|PL-0029|SW99062|Benjamin Young|
APP031|Mr||James|Edward|Thomas|Hargreaves0030|30 Park Road|Birmingham|Handsworth|Birchfield|West Midlands|B1 1BB|james.hargreaves-0030@test.cgi.com|0121 9876543|07700 900002|PL-0030|EF99007|£500.00|
APP012||Preview Corporation 0031 Ltd|||||31 Market Road|Walsall|Darlaston|Walsall|West Midlands|WS1 1SY|preview-corporation-0031@test.cgi.com|0207 1234567|07700 900003|PL-0031|RE99001|Test Address 31|
APP031|Mr||John|Smith|Alexander|Taylor0032|32 Station Road|Birmingham|Handsworth|Birchfield|West Midlands|B1 1BB|john.taylor-0032@test.cgi.com|0121 9876543|07700 900004|PL-0032|EF99007|£500.00|
APP012||Preview Finance 0033 Ltd|||||33 High Street|Walsall|Darlaston|Walsall|West Midlands|WS1 1SY|preview-finance-0033@test.cgi.com|0207 1234567|07700 900001|PL-0033|SW99062|Benjamin Young|
APP031|Mr||James|Edward|Thomas|Hargreaves0034|34 Park Road|Birmingham|Handsworth|Birchfield|West Midlands|B1 1BB|james.hargreaves-0034@test.cgi.com|0121 9876543|07700 900002|PL-0034|EF99007|£500.00|
APP012||Preview Corporation 0035 Ltd|||||35 Market Road|Walsall|Darlaston|Walsall|West Midlands|WS1 1SY|preview-corporation-0035@test.cgi.com|0207 1234567|07700 900003|PL-0035|RE99001|Test Address 35|
APP031|Mr||John|Smith|Alexander|Taylor0036|36 Station Road|Birmingham|Handsworth|Birchfield|West Midlands|B1 1BB|john.taylor-0036@test.cgi.com|0121 9876543|07700 900004|PL-0036|EF99007|£500.00|
APP012||Preview Finance 0037 Ltd|||||37 High Street|Walsall|Darlaston|Walsall|West Midlands|WS1 1SY|preview-finance-0037@test.cgi.com|0207 1234567|07700 900001|PL-0037|SW99062|Benjamin Young|
APP031|Mr||James|Edward|Thomas|Hargreaves0038|38 Park Road|Birmingham|Handsworth|Birchfield|West Midlands|B1 1BB|james.hargreaves-0038@test.cgi.com|0121 9876543|07700 900002|PL-0038|EF99007|£500.00|
APP012||Preview Corporation 0039 Ltd|||||39 Market Road|Walsall|Darlaston|Walsall|West Midlands|WS1 1SY|preview-corporation-0039@test.cgi.com|0207 1234567|07700 900003|PL-0039|RE99001|Test Address 39|
APP031|Mr||John|Smith|Alexander|Taylor0040|40 Station Road|Birmingham|Handsworth|Birchfield|West Midlands|B1 1BB|john.taylor-0040@test.cgi.com|0121 9876543|07700 900004|PL-0040|EF99007|£500.00|
APP012||Preview Finance 0041 Ltd|||||41 High Street|Walsall|Darlaston|Walsall|West Midlands|WS1 1SY|preview-finance-0041@test.cgi.com|0207 1234567|07700 900001|PL-0041|SW99062|Benjamin Young|
APP031|Mr||James|Edward|Thomas|Hargreaves0042|42 Park Road|Birmingham|Handsworth|Birchfield|West Midlands|B1 1BB|james.hargreaves-0042@test.cgi.com|0121 9876543|07700 900002|PL-0042|EF99007|£500.00|
APP012||Preview Corporation 0043 Ltd|||||43 Market Road|Walsall|Darlaston|Walsall|West Midlands|WS1 1SY|preview-corporation-0043@test.cgi.com|0207 1234567|07700 900003|PL-0043|RE99001|Test Address 43|
APP031|Mr||John|Smith|Alexander|Taylor0044|44 Station Road|Birmingham|Handsworth|Birchfield|West Midlands|B1 1BB|john.taylor-0044@test.cgi.com|0121 9876543|07700 900004|PL-0044|EF99007|£500.00|
APP012||Preview Finance 0045 Ltd|||||45 High Street|Walsall|Darlaston|Walsall|West Midlands|WS1 1SY|preview-finance-0045@test.cgi.com|0207 1234567|07700 900001|PL-0045|SW99062|Benjamin Young|
APP031|Mr||James|Edward|Thomas|Hargreaves0046|46 Park Road|Birmingham|Handsworth|Birchfield|West Midlands|B1 1BB|james.hargreaves-0046@test.cgi.com|0121 9876543|07700 900002|PL-0046|EF99007|£500.00|
APP012||Preview Corporation 0047 Ltd|||||47 Market Road|Walsall|Darlaston|Walsall|West Midlands|WS1 1SY|preview-corporation-0047@test.cgi.com|0207 1234567|07700 900003|PL-0047|RE99001|Test Address 47|
APP031|Mr||John|Smith|Alexander|Taylor0048|48 Station Road|Birmingham|Handsworth|Birchfield|West Midlands|B1 1BB|john.taylor-0048@test.cgi.com|0121 9876543|07700 900004|PL-0048|EF99007|£500.00|
APP012||Preview Finance 0049 Ltd|||||49 High Street|Walsall|Darlaston|Walsall|West Midlands|WS1 1SY|preview-finance-0049@test.cgi.com|0207 1234567|07700 900001|PL-0049|SW99062|Benjamin Young|
APP031|Mr||James|Edward|Thomas|Hargreaves0050|50 Park Road|Birmingham|Handsworth|Birchfield|West Midlands|B1 1BB|james.hargreaves-0050@test.cgi.com|0121 9876543|07700 900002|PL-0050|EF99007|£500.00|
APP012||Preview Corporation 0051 Ltd|||||51 Market Road|Walsall|Darlaston|Walsall|West Midlands|WS1 1SY|preview-corporation-0051@test.cgi.com|0207 1234567|07700 900003|PL-0051|RE99001|Test Address 51|
APP031|Mr||John|Smith|Alexander|Taylor0052|52 Station Road|Birmingham|Handsworth|Birchfield|West Midlands|B1 1BB|john.taylor-0052@test.cgi.com|0121 9876543|07700 900004|PL-0052|EF99007|£500.00|
APP012||Preview Finance 0053 Ltd|||||53 High Street|Walsall|Darlaston|Walsall|West Midlands|WS1 1SY|preview-finance-0053@test.cgi.com|0207 1234567|07700 900001|PL-0053|SW99062|Benjamin Young|
APP031|Mr||James|Edward|Thomas|Hargreaves0054|54 Park Road|Birmingham|Handsworth|Birchfield|West Midlands|B1 1BB|james.hargreaves-0054@test.cgi.com|0121 9876543|07700 900002|PL-0054|EF99007|£500.00|
APP012||Preview Corporation 0055 Ltd|||||55 Market Road|Walsall|Darlaston|Walsall|West Midlands|WS1 1SY|preview-corporation-0055@test.cgi.com|0207 1234567|07700 900003|PL-0055|RE99001|Test Address 55|
APP031|Mr||John|Smith|Alexander|Taylor0056|56 Station Road|Birmingham|Handsworth|Birchfield|West Midlands|B1 1BB|john.taylor-0056@test.cgi.com|0121 9876543|07700 900004|PL-0056|EF99007|£500.00|
APP012||Preview Finance 0057 Ltd|||||57 High Street|Walsall|Darlaston|Walsall|West Midlands|WS1 1SY|preview-finance-0057@test.cgi.com|0207 1234567|07700 900001|PL-0057|SW99062|Benjamin Young|
APP031|Mr||James|Edward|Thomas|Hargreaves0058|58 Park Road|Birmingham|Handsworth|Birchfield|West Midlands|B1 1BB|james.hargreaves-0058@test.cgi.com|0121 9876543|07700 900002|PL-0058|EF99007|£500.00|
APP012||Preview Corporation 0059 Ltd|||||59 Market Road|Walsall|Darlaston|Walsall|West Midlands|WS1 1SY|preview-corporation-0059@test.cgi.com|0207 1234567|07700 900003|PL-0059|RE99001|Test Address 59|
APP031|Mr||John|Smith|Alexander|Taylor0060|60 Station Road|Birmingham|Handsworth|Birchfield|West Midlands|B1 1BB|john.taylor-0060@test.cgi.com|0121 9876543|07700 900004|PL-0060|EF99007|£500.00|
APP012||Preview Finance 0061 Ltd|||||61 High Street|Walsall|Darlaston|Walsall|West Midlands|WS1 1SY|preview-finance-0061@test.cgi.com|0207 1234567|07700 900001|PL-0061|SW99062|Benjamin Young|
APP031|Mr||James|Edward|Thomas|Hargreaves0062|62 Park Road|Birmingham|Handsworth|Birchfield|West Midlands|B1 1BB|james.hargreaves-0062@test.cgi.com|0121 9876543|07700 900002|PL-0062|EF99007|£500.00|
APP012||Preview Corporation 0063 Ltd|||||63 Market Road|Walsall|Darlaston|Walsall|West Midlands|WS1 1SY|preview-corporation-0063@test.cgi.com|0207 1234567|07700 900003|PL-0063|RE99001|Test Address 63|
APP031|Mr||John|Smith|Alexander|Taylor0064|64 Station Road|Birmingham|Handsworth|Birchfield|West Midlands|B1 1BB|john.taylor-0064@test.cgi.com|0121 9876543|07700 900004|PL-0064|EF99007|£500.00|
APP012||Preview Finance 0065 Ltd|||||65 High Street|Walsall|Darlaston|Walsall|West Midlands|WS1 1SY|preview-finance-0065@test.cgi.com|0207 1234567|07700 900001|PL-0065|SW99062|Benjamin Young|
APP031|Mr||James|Edward|Thomas|Hargreaves0066|66 Park Road|Birmingham|Handsworth|Birchfield|West Midlands|B1 1BB|james.hargreaves-0066@test.cgi.com|0121 9876543|07700 900002|PL-0066|EF99007|£500.00|
APP012||Preview Corporation 0067 Ltd|||||67 Market Road|Walsall|Darlaston|Walsall|West Midlands|WS1 1SY|preview-corporation-0067@test.cgi.com|0207 1234567|07700 900003|PL-0067|RE99001|Test Address 67|
APP031|Mr||John|Smith|Alexander|Taylor0068|68 Station Road|Birmingham|Handsworth|Birchfield|West Midlands|B1 1BB|john.taylor-0068@test.cgi.com|0121 9876543|07700 900004|PL-0068|EF99007|£500.00|
APP012||Preview Finance 0069 Ltd|||||69 High Street|Walsall|Darlaston|Walsall|West Midlands|WS1 1SY|preview-finance-0069@test.cgi.com|0207 1234567|07700 900001|PL-0069|SW99062|Benjamin Young|
APP031|Mr||James|Edward|Thomas|Hargreaves0070|70 Park Road|Birmingham|Handsworth|Birchfield|West Midlands|B1 1BB|james.hargreaves-0070@test.cgi.com|0121 9876543|07700 900002|PL-0070|EF99007|£500.00|
APP012||Preview Corporation 0071 Ltd|||||71 Market Road|Walsall|Darlaston|Walsall|West Midlands|WS1 1SY|preview-corporation-0071@test.cgi.com|0207 1234567|07700 900003|PL-0071|RE99001|Test Address 71|
APP031|Mr||John|Smith|Alexander|Taylor0072|72 Station Road|Birmingham|Handsworth|Birchfield|West Midlands|B1 1BB|john.taylor-0072@test.cgi.com|0121 9876543|07700 900004|PL-0072|EF99007|£500.00|
APP012||Preview Finance 0073 Ltd|||||73 High Street|Walsall|Darlaston|Walsall|West Midlands|WS1 1SY|preview-finance-0073@test.cgi.com|0207 1234567|07700 900001|PL-0073|SW99062|Benjamin Young|
APP031|Mr||James|Edward|Thomas|Hargreaves0074|74 Park Road|Birmingham|Handsworth|Birchfield|West Midlands|B1 1BB|james.hargreaves-0074@test.cgi.com|0121 9876543|07700 900002|PL-0074|EF99007|£500.00|
APP012||Preview Corporation 0075 Ltd|||||75 Market Road|Walsall|Darlaston|Walsall|West Midlands|WS1 1SY|preview-corporation-0075@test.cgi.com|0207 1234567|07700 900003|PL-0075|RE99001|Test Address 75|
APP031|Mr||John|Smith|Alexander|Taylor0076|76 Station Road|Birmingham|Handsworth|Birchfield|West Midlands|B1 1BB|john.taylor-0076@test.cgi.com|0121 9876543|07700 900004|PL-0076|EF99007|£500.00|
APP012||Preview Finance 0077 Ltd|||||77 High Street|Walsall|Darlaston|Walsall|West Midlands|WS1 1SY|preview-finance-0077@test.cgi.com|0207 1234567|07700 900001|PL-0077|SW99062|Benjamin Young|
APP031|Mr||James|Edward|Thomas|Hargreaves0078|78 Park Road|Birmingham|Handsworth|Birchfield|West Midlands|B1 1BB|james.hargreaves-0078@test.cgi.com|0121 9876543|07700 900002|PL-0078|EF99007|£500.00|
APP012||Preview Corporation 0079 Ltd|||||79 Market Road|Walsall|Darlaston|Walsall|West Midlands|WS1 1SY|preview-corporation-0079@test.cgi.com|0207 1234567|07700 900003|PL-0079|RE99001|Test Address 79|
APP031|Mr||John|Smith|Alexander|Taylor0080|80 Station Road|Birmingham|Handsworth|Birchfield|West Midlands|B1 1BB|john.taylor-0080@test.cgi.com|0121 9876543|07700 900004|PL-0080|EF99007|£500.00|
APP012||Preview Finance 0081 Ltd|||||81 High Street|Walsall|Darlaston|Walsall|West Midlands|WS1 1SY|preview-finance-0081@test.cgi.com|0207 1234567|07700 900001|PL-0081|SW99062|Benjamin Young|
APP031|Mr||James|Edward|Thomas|Hargreaves0082|82 Park Road|Birmingham|Handsworth|Birchfield|West Midlands|B1 1BB|james.hargreaves-0082@test.cgi.com|0121 9876543|07700 900002|PL-0082|EF99007|£500.00|
APP012||Preview Corporation 0083 Ltd|||||83 Market Road|Walsall|Darlaston|Walsall|West Midlands|WS1 1SY|preview-corporation-0083@test.cgi.com|0207 1234567|07700 900003|PL-0083|RE99001|Test Address 83|
APP031|Mr||John|Smith|Alexander|Taylor0084|84 Station Road|Birmingham|Handsworth|Birchfield|West Midlands|B1 1BB|john.taylor-0084@test.cgi.com|0121 9876543|07700 900004|PL-0084|EF99007|£500.00|
APP012||Preview Finance 0085 Ltd|||||85 High Street|Walsall|Darlaston|Walsall|West Midlands|WS1 1SY|preview-finance-0085@test.cgi.com|0207 1234567|07700 900001|PL-0085|SW99062|Benjamin Young|
APP031|Mr||James|Edward|Thomas|Hargreaves0086|86 Park Road|Birmingham|Handsworth|Birchfield|West Midlands|B1 1BB|james.hargreaves-0086@test.cgi.com|0121 9876543|07700 900002|PL-0086|EF99007|£500.00|
APP012||Preview Corporation 0087 Ltd|||||87 Market Road|Walsall|Darlaston|Walsall|West Midlands|WS1 1SY|preview-corporation-0087@test.cgi.com|0207 1234567|07700 900003|PL-0087|RE99001|Test Address 87|
APP031|Mr||John|Smith|Alexander|Taylor0088|88 Station Road|Birmingham|Handsworth|Birchfield|West Midlands|B1 1BB|john.taylor-0088@test.cgi.com|0121 9876543|07700 900004|PL-0088|EF99007|£500.00|
APP012||Preview Finance 0089 Ltd|||||89 High Street|Walsall|Darlaston|Walsall|West Midlands|WS1 1SY|preview-finance-0089@test.cgi.com|0207 1234567|07700 900001|PL-0089|SW99062|Benjamin Young|
APP031|Mr||James|Edward|Thomas|Hargreaves0090|90 Park Road|Birmingham|Handsworth|Birchfield|West Midlands|B1 1BB|james.hargreaves-0090@test.cgi.com|0121 9876543|07700 900002|PL-0090|EF99007|£500.00|
APP012||Preview Corporation 0091 Ltd|||||91 Market Road|Walsall|Darlaston|Walsall|West Midlands|WS1 1SY|preview-corporation-0091@test.cgi.com|0207 1234567|07700 900003|PL-0091|RE99001|Test Address 91|
APP031|Mr||John|Smith|Alexander|Taylor0092|92 Station Road|Birmingham|Handsworth|Birchfield|West Midlands|B1 1BB|john.taylor-0092@test.cgi.com|0121 9876543|07700 900004|PL-0092|EF99007|£500.00|
APP012||Preview Finance 0093 Ltd|||||93 High Street|Walsall|Darlaston|Walsall|West Midlands|WS1 1SY|preview-finance-0093@test.cgi.com|0207 1234567|07700 900001|PL-0093|SW99062|Benjamin Young|
APP031|Mr||James|Edward|Thomas|Hargreaves0094|94 Park Road|Birmingham|Handsworth|Birchfield|West Midlands|B1 1BB|james.hargreaves-0094@test.cgi.com|0121 9876543|07700 900002|PL-0094|EF99007|£500.00|
APP012||Preview Corporation 0095 Ltd|||||95 Market Road|Walsall|Darlaston|Walsall|West Midlands|WS1 1SY|preview-corporation-0095@test.cgi.com|0207 1234567|07700 900003|PL-0095|RE99001|Test Address 95|
APP031|Mr||John|Smith|Alexander|Taylor0096|96 Station Road|Birmingham|Handsworth|Birchfield|West Midlands|B1 1BB|john.taylor-0096@test.cgi.com|0121 9876543|07700 900004|PL-0096|EF99007|£500.00|
APP012||Preview Finance 0097 Ltd|||||97 High Street|Walsall|Darlaston|Walsall|West Midlands|WS1 1SY|preview-finance-0097@test.cgi.com|0207 1234567|07700 900001|PL-0097|SW99062|Benjamin Young|
APP031|Mr||James|Edward|Thomas|Hargreaves0098|98 Park Road|Birmingham|Handsworth|Birchfield|West Midlands|B1 1BB|james.hargreaves-0098@test.cgi.com|0121 9876543|07700 900002|PL-0098|EF99007|£500.00|
APP012||Preview Corporation 0099 Ltd|||||99 Market Road|Walsall|Darlaston|Walsall|West Midlands|WS1 1SY|preview-corporation-0099@test.cgi.com|0207 1234567|07700 900003|PL-0099|RE99001|Test Address 99|
APP031|Mr||John|Smith|Alexander|Taylor0100|100 Station Road|Birmingham|Handsworth|Birchfield|West Midlands|B1 1BB|john.taylor-0100@test.cgi.com|0121 9876543|07700 900004|PL-0100|EF99007|£500.00|
APP012||Preview Finance 0101 Ltd|||||101 High Street|Walsall|Darlaston|Walsall|West Midlands|WS1 1SY|preview-finance-0101@test.cgi.com|0207 1234567|07700 900001|PL-0101|SW99062|Benjamin Young|
APP031|Mr||James|Edward|Thomas|Hargreaves0102|102 Park Road|Birmingham|Handsworth|Birchfield|West Midlands|B1 1BB|james.hargreaves-0102@test.cgi.com|0121 9876543|07700 900002|PL-0102|EF99007|£500.00|
APP012||Preview Corporation 0103 Ltd|||||103 Market Road|Walsall|Darlaston|Walsall|West Midlands|WS1 1SY|preview-corporation-0103@test.cgi.com|0207 1234567|07700 900003|PL-0103|RE99001|Test Address 103|
APP031|Mr||John|Smith|Alexander|Taylor0104|104 Station Road|Birmingham|Handsworth|Birchfield|West Midlands|B1 1BB|john.taylor-0104@test.cgi.com|0121 9876543|07700 900004|PL-0104|EF99007|£500.00|
APP012||Preview Finance 0105 Ltd|||||105 High Street|Walsall|Darlaston|Walsall|West Midlands|WS1 1SY|preview-finance-0105@test.cgi.com|0207 1234567|07700 900001|PL-0105|SW99062|Benjamin Young|
APP031|Mr||James|Edward|Thomas|Hargreaves0106|106 Park Road|Birmingham|Handsworth|Birchfield|West Midlands|B1 1BB|james.hargreaves-0106@test.cgi.com|0121 9876543|07700 900002|PL-0106|EF99007|£500.00|
APP012||Preview Corporation 0107 Ltd|||||107 Market Road|Walsall|Darlaston|Walsall|West Midlands|WS1 1SY|preview-corporation-0107@test.cgi.com|0207 1234567|07700 900003|PL-0107|RE99001|Test Address 107|
APP031|Mr||John|Smith|Alexander|Taylor0108|108 Station Road|Birmingham|Handsworth|Birchfield|West Midlands|B1 1BB|john.taylor-0108@test.cgi.com|0121 9876543|07700 900004|PL-0108|EF99007|£500.00|
APP012||Preview Finance 0109 Ltd|||||109 High Street|Walsall|Darlaston|Walsall|West Midlands|WS1 1SY|preview-finance-0109@test.cgi.com|0207 1234567|07700 900001|PL-0109|SW99062|Benjamin Young|
APP031|Mr||James|Edward|Thomas|Hargreaves0110|110 Park Road|Birmingham|Handsworth|Birchfield|West Midlands|B1 1BB|james.hargreaves-0110@test.cgi.com|0121 9876543|07700 900002|PL-0110|EF99007|£500.00|
APP012||Preview Corporation 0111 Ltd|||||111 Market Road|Walsall|Darlaston|Walsall|West Midlands|WS1 1SY|preview-corporation-0111@test.cgi.com|0207 1234567|07700 900003|PL-0111|RE99001|Test Address 111|
APP031|Mr||John|Smith|Alexander|Taylor0112|112 Station Road|Birmingham|Handsworth|Birchfield|West Midlands|B1 1BB|john.taylor-0112@test.cgi.com|0121 9876543|07700 900004|PL-0112|EF99007|£500.00|
APP012||Preview Finance 0113 Ltd|||||113 High Street|Walsall|Darlaston|Walsall|West Midlands|WS1 1SY|preview-finance-0113@test.cgi.com|0207 1234567|07700 900001|PL-0113|SW99062|Benjamin Young|
APP031|Mr||James|Edward|Thomas|Hargreaves0114|114 Park Road|Birmingham|Handsworth|Birchfield|West Midlands|B1 1BB|james.hargreaves-0114@test.cgi.com|0121 9876543|07700 900002|PL-0114|EF99007|£500.00|
APP012||Preview Corporation 0115 Ltd|||||115 Market Road|Walsall|Darlaston|Walsall|West Midlands|WS1 1SY|preview-corporation-0115@test.cgi.com|0207 1234567|07700 900003|PL-0115|RE99001|Test Address 115|
APP031|Mr||John|Smith|Alexander|Taylor0116|116 Station Road|Birmingham|Handsworth|Birchfield|West Midlands|B1 1BB|john.taylor-0116@test.cgi.com|0121 9876543|07700 900004|PL-0116|EF99007|£500.00|
APP012||Preview Finance 0117 Ltd|||||117 High Street|Walsall|Darlaston|Walsall|West Midlands|WS1 1SY|preview-finance-0117@test.cgi.com|0207 1234567|07700 900001|PL-0117|SW99062|Benjamin Young|
APP031|Mr||James|Edward|Thomas|Hargreaves0118|118 Park Road|Birmingham|Handsworth|Birchfield|West Midlands|B1 1BB|james.hargreaves-0118@test.cgi.com|0121 9876543|07700 900002|PL-0118|EF99007|£500.00|
APP012||Preview Corporation 0119 Ltd|||||119 Market Road|Walsall|Darlaston|Walsall|West Midlands|WS1 1SY|preview-corporation-0119@test.cgi.com|0207 1234567|07700 900003|PL-0119|RE99001|Test Address 119|
APP031|Mr||John|Smith|Alexander|Taylor0120|120 Station Road|Birmingham|Handsworth|Birchfield|West Midlands|B1 1BB|john.taylor-0120@test.cgi.com|0121 9876543|07700 900004|PL-0120|EF99007|£500.00|
APP012||Preview Finance 0121 Ltd|||||121 High Street|Walsall|Darlaston|Walsall|West Midlands|WS1 1SY|preview-finance-0121@test.cgi.com|0207 1234567|07700 900001|PL-0121|SW99062|Benjamin Young|
APP031|Mr||James|Edward|Thomas|Hargreaves0122|122 Park Road|Birmingham|Handsworth|Birchfield|West Midlands|B1 1BB|james.hargreaves-0122@test.cgi.com|0121 9876543|07700 900002|PL-0122|EF99007|£500.00|
APP012||Preview Corporation 0123 Ltd|||||123 Market Road|Walsall|Darlaston|Walsall|West Midlands|WS1 1SY|preview-corporation-0123@test.cgi.com|0207 1234567|07700 900003|PL-0123|RE99001|Test Address 123|
APP031|Mr||John|Smith|Alexander|Taylor0124|124 Station Road|Birmingham|Handsworth|Birchfield|West Midlands|B1 1BB|john.taylor-0124@test.cgi.com|0121 9876543|07700 900004|PL-0124|EF99007|£500.00|
APP012||Preview Finance 0125 Ltd|||||125 High Street|Walsall|Darlaston|Walsall|West Midlands|WS1 1SY|preview-finance-0125@test.cgi.com|0207 1234567|07700 900001|PL-0125|SW99062|Benjamin Young|
APP031|Mr||James|Edward|Thomas|Hargreaves0126|126 Park Road|Birmingham|Handsworth|Birchfield|West Midlands|B1 1BB|james.hargreaves-0126@test.cgi.com|0121 9876543|07700 900002|PL-0126|EF99007|£500.00|
APP012||Preview Corporation 0127 Ltd|||||127 Market Road|Walsall|Darlaston|Walsall|West Midlands|WS1 1SY|preview-corporation-0127@test.cgi.com|0207 1234567|07700 900003|PL-0127|RE99001|Test Address 127|
APP031|Mr||John|Smith|Alexander|Taylor0128|128 Station Road|Birmingham|Handsworth|Birchfield|West Midlands|B1 1BB|john.taylor-0128@test.cgi.com|0121 9876543|07700 900004|PL-0128|EF99007|£500.00|
APP012||Preview Finance 0129 Ltd|||||129 High Street|Walsall|Darlaston|Walsall|West Midlands|WS1 1SY|preview-finance-0129@test.cgi.com|0207 1234567|07700 900001|PL-0129|SW99062|Benjamin Young|
APP031|Mr||James|Edward|Thomas|Hargreaves0130|130 Park Road|Birmingham|Handsworth|Birchfield|West Midlands|B1 1BB|james.hargreaves-0130@test.cgi.com|0121 9876543|07700 900002|PL-0130|EF99007|£500.00|
APP012||Preview Corporation 0131 Ltd|||||131 Market Road|Walsall|Darlaston|Walsall|West Midlands|WS1 1SY|preview-corporation-0131@test.cgi.com|0207 1234567|07700 900003|PL-0131|RE99001|Test Address 131|
APP031|Mr||John|Smith|Alexander|Taylor0132|132 Station Road|Birmingham|Handsworth|Birchfield|West Midlands|B1 1BB|john.taylor-0132@test.cgi.com|0121 9876543|07700 900004|PL-0132|EF99007|£500.00|
APP012||Preview Finance 0133 Ltd|||||133 High Street|Walsall|Darlaston|Walsall|West Midlands|WS1 1SY|preview-finance-0133@test.cgi.com|0207 1234567|07700 900001|PL-0133|SW99062|Benjamin Young|
APP031|Mr||James|Edward|Thomas|Hargreaves0134|134 Park Road|Birmingham|Handsworth|Birchfield|West Midlands|B1 1BB|james.hargreaves-0134@test.cgi.com|0121 9876543|07700 900002|PL-0134|EF99007|£500.00|
APP012||Preview Corporation 0135 Ltd|||||135 Market Road|Walsall|Darlaston|Walsall|West Midlands|WS1 1SY|preview-corporation-0135@test.cgi.com|0207 1234567|07700 900003|PL-0135|RE99001|Test Address 135|
APP031|Mr||John|Smith|Alexander|Taylor0136|136 Station Road|Birmingham|Handsworth|Birchfield|West Midlands|B1 1BB|john.taylor-0136@test.cgi.com|0121 9876543|07700 900004|PL-0136|EF99007|£500.00|
APP012||Preview Finance 0137 Ltd|||||137 High Street|Walsall|Darlaston|Walsall|West Midlands|WS1 1SY|preview-finance-0137@test.cgi.com|0207 1234567|07700 900001|PL-0137|SW99062|Benjamin Young|
APP031|Mr||James|Edward|Thomas|Hargreaves0138|138 Park Road|Birmingham|Handsworth|Birchfield|West Midlands|B1 1BB|james.hargreaves-0138@test.cgi.com|0121 9876543|07700 900002|PL-0138|EF99007|£500.00|
APP012||Preview Corporation 0139 Ltd|||||139 Market Road|Walsall|Darlaston|Walsall|West Midlands|WS1 1SY|preview-corporation-0139@test.cgi.com|0207 1234567|07700 900003|PL-0139|RE99001|Test Address 139|
APP031|Mr||John|Smith|Alexander|Taylor0140|140 Station Road|Birmingham|Handsworth|Birchfield|West Midlands|B1 1BB|john.taylor-0140@test.cgi.com|0121 9876543|07700 900004|PL-0140|EF99007|£500.00|
APP012||Preview Finance 0141 Ltd|||||141 High Street|Walsall|Darlaston|Walsall|West Midlands|WS1 1SY|preview-finance-0141@test.cgi.com|0207 1234567|07700 900001|PL-0141|SW99062|Benjamin Young|
APP031|Mr||James|Edward|Thomas|Hargreaves0142|142 Park Road|Birmingham|Handsworth|Birchfield|West Midlands|B1 1BB|james.hargreaves-0142@test.cgi.com|0121 9876543|07700 900002|PL-0142|EF99007|£500.00|
APP012||Preview Corporation 0143 Ltd|||||143 Market Road|Walsall|Darlaston|Walsall|West Midlands|WS1 1SY|preview-corporation-0143@test.cgi.com|0207 1234567|07700 900003|PL-0143|RE99001|Test Address 143|
APP031|Mr||John|Smith|Alexander|Taylor0144|144 Station Road|Birmingham|Handsworth|Birchfield|West Midlands|B1 1BB|john.taylor-0144@test.cgi.com|0121 9876543|07700 900004|PL-0144|EF99007|£500.00|
APP012||Preview Finance 0145 Ltd|||||145 High Street|Walsall|Darlaston|Walsall|West Midlands|WS1 1SY|preview-finance-0145@test.cgi.com|0207 1234567|07700 900001|PL-0145|SW99062|Benjamin Young|
APP031|Mr||James|Edward|Thomas|Hargreaves0146|146 Park Road|Birmingham|Handsworth|Birchfield|West Midlands|B1 1BB|james.hargreaves-0146@test.cgi.com|0121 9876543|07700 900002|PL-0146|EF99007|£500.00|
APP012||Preview Corporation 0147 Ltd|||||147 Market Road|Walsall|Darlaston|Walsall|West Midlands|WS1 1SY|preview-corporation-0147@test.cgi.com|0207 1234567|07700 900003|PL-0147|RE99001|Test Address 147|
APP031|Mr||John|Smith|Alexander|Taylor0148|148 Station Road|Birmingham|Handsworth|Birchfield|West Midlands|B1 1BB|john.taylor-0148@test.cgi.com|0121 9876543|07700 900004|PL-0148|EF99007|£500.00|
APP012||Preview Finance 0149 Ltd|||||149 High Street|Walsall|Darlaston|Walsall|West Midlands|WS1 1SY|preview-finance-0149@test.cgi.com|0207 1234567|07700 900001|PL-0149|SW99062|Benjamin Young|
APP031|Mr||James|Edward|Thomas|Hargreaves0150|150 Park Road|Birmingham|Handsworth|Birchfield|West Midlands|B1 1BB|james.hargreaves-0150@test.cgi.com|0121 9876543|07700 900002|PL-0150|EF99007|£500.00|
APP012||Preview Corporation 0151 Ltd|||||151 Market Road|Walsall|Darlaston|Walsall|West Midlands|WS1 1SY|preview-corporation-0151@test.cgi.com|0207 1234567|07700 900003|PL-0151|RE99001|Test Address 151|
APP031|Mr||John|Smith|Alexander|Taylor0152|152 Station Road|Birmingham|Handsworth|Birchfield|West Midlands|B1 1BB|john.taylor-0152@test.cgi.com|0121 9876543|07700 900004|PL-0152|EF99007|£500.00|
APP012||Preview Finance 0153 Ltd|||||153 High Street|Walsall|Darlaston|Walsall|West Midlands|WS1 1SY|preview-finance-0153@test.cgi.com|0207 1234567|07700 900001|PL-0153|SW99062|Benjamin Young|
APP031|Mr||James|Edward|Thomas|Hargreaves0154|154 Park Road|Birmingham|Handsworth|Birchfield|West Midlands|B1 1BB|james.hargreaves-0154@test.cgi.com|0121 9876543|07700 900002|PL-0154|EF99007|£500.00|
APP012||Preview Corporation 0155 Ltd|||||155 Market Road|Walsall|Darlaston|Walsall|West Midlands|WS1 1SY|preview-corporation-0155@test.cgi.com|0207 1234567|07700 900003|PL-0155|RE99001|Test Address 155|
APP031|Mr||John|Smith|Alexander|Taylor0156|156 Station Road|Birmingham|Handsworth|Birchfield|West Midlands|B1 1BB|john.taylor-0156@test.cgi.com|0121 9876543|07700 900004|PL-0156|EF99007|£500.00|
APP012||Preview Finance 0157 Ltd|||||157 High Street|Walsall|Darlaston|Walsall|West Midlands|WS1 1SY|preview-finance-0157@test.cgi.com|0207 1234567|07700 900001|PL-0157|SW99062|Benjamin Young|
APP031|Mr||James|Edward|Thomas|Hargreaves0158|158 Park Road|Birmingham|Handsworth|Birchfield|West Midlands|B1 1BB|james.hargreaves-0158@test.cgi.com|0121 9876543|07700 900002|PL-0158|EF99007|£500.00|
APP012||Preview Corporation 0159 Ltd|||||159 Market Road|Walsall|Darlaston|Walsall|West Midlands|WS1 1SY|preview-corporation-0159@test.cgi.com|0207 1234567|07700 900003|PL-0159|RE99001|Test Address 159|
APP031|Mr||John|Smith|Alexander|Taylor0160|160 Station Road|Birmingham|Handsworth|Birchfield|West Midlands|B1 1BB|john.taylor-0160@test.cgi.com|0121 9876543|07700 900004|PL-0160|EF99007|£500.00|
APP012||Preview Finance 0161 Ltd|||||161 High Street|Walsall|Darlaston|Walsall|West Midlands|WS1 1SY|preview-finance-0161@test.cgi.com|0207 1234567|07700 900001|PL-0161|SW99062|Benjamin Young|
APP031|Mr||James|Edward|Thomas|Hargreaves0162|162 Park Road|Birmingham|Handsworth|Birchfield|West Midlands|B1 1BB|james.hargreaves-0162@test.cgi.com|0121 9876543|07700 900002|PL-0162|EF99007|£500.00|
APP012||Preview Corporation 0163 Ltd|||||163 Market Road|Walsall|Darlaston|Walsall|West Midlands|WS1 1SY|preview-corporation-0163@test.cgi.com|0207 1234567|07700 900003|PL-0163|RE99001|Test Address 163|
APP031|Mr||John|Smith|Alexander|Taylor0164|164 Station Road|Birmingham|Handsworth|Birchfield|West Midlands|B1 1BB|john.taylor-0164@test.cgi.com|0121 9876543|07700 900004|PL-0164|EF99007|£500.00|
APP012||Preview Finance 0165 Ltd|||||165 High Street|Walsall|Darlaston|Walsall|West Midlands|WS1 1SY|preview-finance-0165@test.cgi.com|0207 1234567|07700 900001|PL-0165|SW99062|Benjamin Young|
APP031|Mr||James|Edward|Thomas|Hargreaves0166|166 Park Road|Birmingham|Handsworth|Birchfield|West Midlands|B1 1BB|james.hargreaves-0166@test.cgi.com|0121 9876543|07700 900002|PL-0166|EF99007|£500.00|
APP012||Preview Corporation 0167 Ltd|||||167 Market Road|Walsall|Darlaston|Walsall|West Midlands|WS1 1SY|preview-corporation-0167@test.cgi.com|0207 1234567|07700 900003|PL-0167|RE99001|Test Address 167|
APP031|Mr||John|Smith|Alexander|Taylor0168|168 Station Road|Birmingham|Handsworth|Birchfield|West Midlands|B1 1BB|john.taylor-0168@test.cgi.com|0121 9876543|07700 900004|PL-0168|EF99007|£500.00|
APP012||Preview Finance 0169 Ltd|||||169 High Street|Walsall|Darlaston|Walsall|West Midlands|WS1 1SY|preview-finance-0169@test.cgi.com|0207 1234567|07700 900001|PL-0169|SW99062|Benjamin Young|
APP031|Mr||James|Edward|Thomas|Hargreaves0170|170 Park Road|Birmingham|Handsworth|Birchfield|West Midlands|B1 1BB|james.hargreaves-0170@test.cgi.com|0121 9876543|07700 900002|PL-0170|EF99007|£500.00|
APP012||Preview Corporation 0171 Ltd|||||171 Market Road|Walsall|Darlaston|Walsall|West Midlands|WS1 1SY|preview-corporation-0171@test.cgi.com|0207 1234567|07700 900003|PL-0171|RE99001|Test Address 171|
APP031|Mr||John|Smith|Alexander|Taylor0172|172 Station Road|Birmingham|Handsworth|Birchfield|West Midlands|B1 1BB|john.taylor-0172@test.cgi.com|0121 9876543|07700 900004|PL-0172|EF99007|£500.00|
APP012||Preview Finance 0173 Ltd|||||173 High Street|Walsall|Darlaston|Walsall|West Midlands|WS1 1SY|preview-finance-0173@test.cgi.com|0207 1234567|07700 900001|PL-0173|SW99062|Benjamin Young|
APP031|Mr||James|Edward|Thomas|Hargreaves0174|174 Park Road|Birmingham|Handsworth|Birchfield|West Midlands|B1 1BB|james.hargreaves-0174@test.cgi.com|0121 9876543|07700 900002|PL-0174|EF99007|£500.00|
APP012||Preview Corporation 0175 Ltd|||||175 Market Road|Walsall|Darlaston|Walsall|West Midlands|WS1 1SY|preview-corporation-0175@test.cgi.com|0207 1234567|07700 900003|PL-0175|RE99001|Test Address 175|
APP031|Mr||John|Smith|Alexander|Taylor0176|176 Station Road|Birmingham|Handsworth|Birchfield|West Midlands|B1 1BB|john.taylor-0176@test.cgi.com|0121 9876543|07700 900004|PL-0176|EF99007|£500.00|
APP012||Preview Finance 0177 Ltd|||||177 High Street|Walsall|Darlaston|Walsall|West Midlands|WS1 1SY|preview-finance-0177@test.cgi.com|0207 1234567|07700 900001|PL-0177|SW99062|Benjamin Young|
APP031|Mr||James|Edward|Thomas|Hargreaves0178|178 Park Road|Birmingham|Handsworth|Birchfield|West Midlands|B1 1BB|james.hargreaves-0178@test.cgi.com|0121 9876543|07700 900002|PL-0178|EF99007|£500.00|
APP012||Preview Corporation 0179 Ltd|||||179 Market Road|Walsall|Darlaston|Walsall|West Midlands|WS1 1SY|preview-corporation-0179@test.cgi.com|0207 1234567|07700 900003|PL-0179|RE99001|Test Address 179|
APP031|Mr||John|Smith|Alexander|Taylor0180|180 Station Road|Birmingham|Handsworth|Birchfield|West Midlands|B1 1BB|john.taylor-0180@test.cgi.com|0121 9876543|07700 900004|PL-0180|EF99007|£500.00|
APP012||Preview Finance 0181 Ltd|||||181 High Street|Walsall|Darlaston|Walsall|West Midlands|WS1 1SY|preview-finance-0181@test.cgi.com|0207 1234567|07700 900001|PL-0181|SW99062|Benjamin Young|
APP031|Mr||James|Edward|Thomas|Hargreaves0182|182 Park Road|Birmingham|Handsworth|Birchfield|West Midlands|B1 1BB|james.hargreaves-0182@test.cgi.com|0121 9876543|07700 900002|PL-0182|EF99007|£500.00|
APP012||Preview Corporation 0183 Ltd|||||183 Market Road|Walsall|Darlaston|Walsall|West Midlands|WS1 1SY|preview-corporation-0183@test.cgi.com|0207 1234567|07700 900003|PL-0183|RE99001|Test Address 183|
APP031|Mr||John|Smith|Alexander|Taylor0184|184 Station Road|Birmingham|Handsworth|Birchfield|West Midlands|B1 1BB|john.taylor-0184@test.cgi.com|0121 9876543|07700 900004|PL-0184|EF99007|£500.00|
APP012||Preview Finance 0185 Ltd|||||185 High Street|Walsall|Darlaston|Walsall|West Midlands|WS1 1SY|preview-finance-0185@test.cgi.com|0207 1234567|07700 900001|PL-0185|SW99062|Benjamin Young|
APP031|Mr||James|Edward|Thomas|Hargreaves0186|186 Park Road|Birmingham|Handsworth|Birchfield|West Midlands|B1 1BB|james.hargreaves-0186@test.cgi.com|0121 9876543|07700 900002|PL-0186|EF99007|£500.00|
APP012||Preview Corporation 0187 Ltd|||||187 Market Road|Walsall|Darlaston|Walsall|West Midlands|WS1 1SY|preview-corporation-0187@test.cgi.com|0207 1234567|07700 900003|PL-0187|RE99001|Test Address 187|
APP031|Mr||John|Smith|Alexander|Taylor0188|188 Station Road|Birmingham|Handsworth|Birchfield|West Midlands|B1 1BB|john.taylor-0188@test.cgi.com|0121 9876543|07700 900004|PL-0188|EF99007|£500.00|
APP012||Preview Finance 0189 Ltd|||||189 High Street|Walsall|Darlaston|Walsall|West Midlands|WS1 1SY|preview-finance-0189@test.cgi.com|0207 1234567|07700 900001|PL-0189|SW99062|Benjamin Young|
APP031|Mr||James|Edward|Thomas|Hargreaves0190|190 Park Road|Birmingham|Handsworth|Birchfield|West Midlands|B1 1BB|james.hargreaves-0190@test.cgi.com|0121 9876543|07700 900002|PL-0190|EF99007|£500.00|
APP012||Preview Corporation 0191 Ltd|||||191 Market Road|Walsall|Darlaston|Walsall|West Midlands|WS1 1SY|preview-corporation-0191@test.cgi.com|0207 1234567|07700 900003|PL-0191|RE99001|Test Address 191|
APP031|Mr||John|Smith|Alexander|Taylor0192|192 Station Road|Birmingham|Handsworth|Birchfield|West Midlands|B1 1BB|john.taylor-0192@test.cgi.com|0121 9876543|07700 900004|PL-0192|EF99007|£500.00|
APP012||Preview Finance 0193 Ltd|||||193 High Street|Walsall|Darlaston|Walsall|West Midlands|WS1 1SY|preview-finance-0193@test.cgi.com|0207 1234567|07700 900001|PL-0193|SW99062|Benjamin Young|
APP031|Mr||James|Edward|Thomas|Hargreaves0194|194 Park Road|Birmingham|Handsworth|Birchfield|West Midlands|B1 1BB|james.hargreaves-0194@test.cgi.com|0121 9876543|07700 900002|PL-0194|EF99007|£500.00|
APP012||Preview Corporation 0195 Ltd|||||195 Market Road|Walsall|Darlaston|Walsall|West Midlands|WS1 1SY|preview-corporation-0195@test.cgi.com|0207 1234567|07700 900003|PL-0195|RE99001|Test Address 195|
APP031|Mr||John|Smith|Alexander|Taylor0196|196 Station Road|Birmingham|Handsworth|Birchfield|West Midlands|B1 1BB|john.taylor-0196@test.cgi.com|0121 9876543|07700 900004|PL-0196|EF99007|£500.00|
APP012||Preview Finance 0197 Ltd|||||197 High Street|Walsall|Darlaston|Walsall|West Midlands|WS1 1SY|preview-finance-0197@test.cgi.com|0207 1234567|07700 900001|PL-0197|SW99062|Benjamin Young|
APP031|Mr||James|Edward|Thomas|Hargreaves0198|198 Park Road|Birmingham|Handsworth|Birchfield|West Midlands|B1 1BB|james.hargreaves-0198@test.cgi.com|0121 9876543|07700 900002|PL-0198|EF99007|£500.00|
APP012||Preview Corporation 0199 Ltd|||||199 Market Road|Walsall|Darlaston|Walsall|West Midlands|WS1 1SY|preview-corporation-0199@test.cgi.com|0207 1234567|07700 900003|PL-0199|RE99001|Test Address 199|
APP031|Mr||John|Smith|Alexander|Taylor0200|200 Station Road|Birmingham|Handsworth|Birchfield|West Midlands|B1 1BB|john.taylor-0200@test.cgi.com|0121 9876543|07700 900004|PL-0200|EF99007|£500.00|
APP012||Preview Finance 0201 Ltd|||||201 High Street|Walsall|Darlaston|Walsall|West Midlands|WS1 1SY|preview-finance-0201@test.cgi.com|0207 1234567|07700 900001|PL-0201|SW99062|Benjamin Young|
APP031|Mr||James|Edward|Thomas|Hargreaves0202|202 Park Road|Birmingham|Handsworth|Birchfield|West Midlands|B1 1BB|james.hargreaves-0202@test.cgi.com|0121 9876543|07700 900002|PL-0202|EF99007|£500.00|
APP012||Preview Corporation 0203 Ltd|||||203 Market Road|Walsall|Darlaston|Walsall|West Midlands|WS1 1SY|preview-corporation-0203@test.cgi.com|0207 1234567|07700 900003|PL-0203|RE99001|Test Address 203|
APP031|Mr||John|Smith|Alexander|Taylor0204|204 Station Road|Birmingham|Handsworth|Birchfield|West Midlands|B1 1BB|john.taylor-0204@test.cgi.com|0121 9876543|07700 900004|PL-0204|EF99007|£500.00|
APP012||Preview Finance 0205 Ltd|||||205 High Street|Walsall|Darlaston|Walsall|West Midlands|WS1 1SY|preview-finance-0205@test.cgi.com|0207 1234567|07700 900001|PL-0205|SW99062|Benjamin Young|
APP031|Mr||James|Edward|Thomas|Hargreaves0206|206 Park Road|Birmingham|Handsworth|Birchfield|West Midlands|B1 1BB|james.hargreaves-0206@test.cgi.com|0121 9876543|07700 900002|PL-0206|EF99007|£500.00|
APP012||Preview Corporation 0207 Ltd|||||207 Market Road|Walsall|Darlaston|Walsall|West Midlands|WS1 1SY|preview-corporation-0207@test.cgi.com|0207 1234567|07700 900003|PL-0207|RE99001|Test Address 207|
APP031|Mr||John|Smith|Alexander|Taylor0208|208 Station Road|Birmingham|Handsworth|Birchfield|West Midlands|B1 1BB|john.taylor-0208@test.cgi.com|0121 9876543|07700 900004|PL-0208|EF99007|£500.00|
APP012||Preview Finance 0209 Ltd|||||209 High Street|Walsall|Darlaston|Walsall|West Midlands|WS1 1SY|preview-finance-0209@test.cgi.com|0207 1234567|07700 900001|PL-0209|SW99062|Benjamin Young|
APP031|Mr||James|Edward|Thomas|Hargreaves0210|210 Park Road|Birmingham|Handsworth|Birchfield|West Midlands|B1 1BB|james.hargreaves-0210@test.cgi.com|0121 9876543|07700 900002|PL-0210|EF99007|£500.00|
APP012||Preview Corporation 0211 Ltd|||||211 Market Road|Walsall|Darlaston|Walsall|West Midlands|WS1 1SY|preview-corporation-0211@test.cgi.com|0207 1234567|07700 900003|PL-0211|RE99001|Test Address 211|
APP031|Mr||John|Smith|Alexander|Taylor0212|212 Station Road|Birmingham|Handsworth|Birchfield|West Midlands|B1 1BB|john.taylor-0212@test.cgi.com|0121 9876543|07700 900004|PL-0212|EF99007|£500.00|
APP012||Preview Finance 0213 Ltd|||||213 High Street|Walsall|Darlaston|Walsall|West Midlands|WS1 1SY|preview-finance-0213@test.cgi.com|0207 1234567|07700 900001|PL-0213|SW99062|Benjamin Young|
APP031|Mr||James|Edward|Thomas|Hargreaves0214|214 Park Road|Birmingham|Handsworth|Birchfield|West Midlands|B1 1BB|james.hargreaves-0214@test.cgi.com|0121 9876543|07700 900002|PL-0214|EF99007|£500.00|
APP012||Preview Corporation 0215 Ltd|||||215 Market Road|Walsall|Darlaston|Walsall|West Midlands|WS1 1SY|preview-corporation-0215@test.cgi.com|0207 1234567|07700 900003|PL-0215|RE99001|Test Address 215|
APP031|Mr||John|Smith|Alexander|Taylor0216|216 Station Road|Birmingham|Handsworth|Birchfield|West Midlands|B1 1BB|john.taylor-0216@test.cgi.com|0121 9876543|07700 900004|PL-0216|EF99007|£500.00|
APP012||Preview Finance 0217 Ltd|||||217 High Street|Walsall|Darlaston|Walsall|West Midlands|WS1 1SY|preview-finance-0217@test.cgi.com|0207 1234567|07700 900001|PL-0217|SW99062|Benjamin Young|
APP031|Mr||James|Edward|Thomas|Hargreaves0218|218 Park Road|Birmingham|Handsworth|Birchfield|West Midlands|B1 1BB|james.hargreaves-0218@test.cgi.com|0121 9876543|07700 900002|PL-0218|EF99007|£500.00|
APP012||Preview Corporation 0219 Ltd|||||219 Market Road|Walsall|Darlaston|Walsall|West Midlands|WS1 1SY|preview-corporation-0219@test.cgi.com|0207 1234567|07700 900003|PL-0219|RE99001|Test Address 219|
APP031|Mr||John|Smith|Alexander|Taylor0220|220 Station Road|Birmingham|Handsworth|Birchfield|West Midlands|B1 1BB|john.taylor-0220@test.cgi.com|0121 9876543|07700 900004|PL-0220|EF99007|£500.00|
APP012||Preview Finance 0221 Ltd|||||221 High Street|Walsall|Darlaston|Walsall|West Midlands|WS1 1SY|preview-finance-0221@test.cgi.com|0207 1234567|07700 900001|PL-0221|SW99062|Benjamin Young|
APP031|Mr||James|Edward|Thomas|Hargreaves0222|222 Park Road|Birmingham|Handsworth|Birchfield|West Midlands|B1 1BB|james.hargreaves-0222@test.cgi.com|0121 9876543|07700 900002|PL-0222|EF99007|£500.00|
APP012||Preview Corporation 0223 Ltd|||||223 Market Road|Walsall|Darlaston|Walsall|West Midlands|WS1 1SY|preview-corporation-0223@test.cgi.com|0207 1234567|07700 900003|PL-0223|RE99001|Test Address 223|
APP031|Mr||John|Smith|Alexander|Taylor0224|224 Station Road|Birmingham|Handsworth|Birchfield|West Midlands|B1 1BB|john.taylor-0224@test.cgi.com|0121 9876543|07700 900004|PL-0224|EF99007|£500.00|
APP012||Preview Finance 0225 Ltd|||||225 High Street|Walsall|Darlaston|Walsall|West Midlands|WS1 1SY|preview-finance-0225@test.cgi.com|0207 1234567|07700 900001|PL-0225|SW99062|Benjamin Young|
APP031|Mr||James|Edward|Thomas|Hargreaves0226|226 Park Road|Birmingham|Handsworth|Birchfield|West Midlands|B1 1BB|james.hargreaves-0226@test.cgi.com|0121 9876543|07700 900002|PL-0226|EF99007|£500.00|
APP012||Preview Corporation 0227 Ltd|||||227 Market Road|Walsall|Darlaston|Walsall|West Midlands|WS1 1SY|preview-corporation-0227@test.cgi.com|0207 1234567|07700 900003|PL-0227|RE99001|Test Address 227|
APP031|Mr||John|Smith|Alexander|Taylor0228|228 Station Road|Birmingham|Handsworth|Birchfield|West Midlands|B1 1BB|john.taylor-0228@test.cgi.com|0121 9876543|07700 900004|PL-0228|EF99007|£500.00|
APP012||Preview Finance 0229 Ltd|||||229 High Street|Walsall|Darlaston|Walsall|West Midlands|WS1 1SY|preview-finance-0229@test.cgi.com|0207 1234567|07700 900001|PL-0229|SW99062|Benjamin Young|
APP031|Mr||James|Edward|Thomas|Hargreaves0230|230 Park Road|Birmingham|Handsworth|Birchfield|West Midlands|B1 1BB|james.hargreaves-0230@test.cgi.com|0121 9876543|07700 900002|PL-0230|EF99007|£500.00|
APP012||Preview Corporation 0231 Ltd|||||231 Market Road|Walsall|Darlaston|Walsall|West Midlands|WS1 1SY|preview-corporation-0231@test.cgi.com|0207 1234567|07700 900003|PL-0231|RE99001|Test Address 231|
APP031|Mr||John|Smith|Alexander|Taylor0232|232 Station Road|Birmingham|Handsworth|Birchfield|West Midlands|B1 1BB|john.taylor-0232@test.cgi.com|0121 9876543|07700 900004|PL-0232|EF99007|£500.00|
APP012||Preview Finance 0233 Ltd|||||233 High Street|Walsall|Darlaston|Walsall|West Midlands|WS1 1SY|preview-finance-0233@test.cgi.com|0207 1234567|07700 900001|PL-0233|SW99062|Benjamin Young|
APP031|Mr||James|Edward|Thomas|Hargreaves0234|234 Park Road|Birmingham|Handsworth|Birchfield|West Midlands|B1 1BB|james.hargreaves-0234@test.cgi.com|0121 9876543|07700 900002|PL-0234|EF99007|£500.00|
APP012||Preview Corporation 0235 Ltd|||||235 Market Road|Walsall|Darlaston|Walsall|West Midlands|WS1 1SY|preview-corporation-0235@test.cgi.com|0207 1234567|07700 900003|PL-0235|RE99001|Test Address 235|
APP031|Mr||John|Smith|Alexander|Taylor0236|236 Station Road|Birmingham|Handsworth|Birchfield|West Midlands|B1 1BB|john.taylor-0236@test.cgi.com|0121 9876543|07700 900004|PL-0236|EF99007|£500.00|
APP012||Preview Finance 0237 Ltd|||||237 High Street|Walsall|Darlaston|Walsall|West Midlands|WS1 1SY|preview-finance-0237@test.cgi.com|0207 1234567|07700 900001|PL-0237|SW99062|Benjamin Young|
APP031|Mr||James|Edward|Thomas|Hargreaves0238|238 Park Road|Birmingham|Handsworth|Birchfield|West Midlands|B1 1BB|james.hargreaves-0238@test.cgi.com|0121 9876543|07700 900002|PL-0238|EF99007|£500.00|
APP012||Preview Corporation 0239 Ltd|||||239 Market Road|Walsall|Darlaston|Walsall|West Midlands|WS1 1SY|preview-corporation-0239@test.cgi.com|0207 1234567|07700 900003|PL-0239|RE99001|Test Address 239|
APP031|Mr||John|Smith|Alexander|Taylor0240|240 Station Road|Birmingham|Handsworth|Birchfield|West Midlands|B1 1BB|john.taylor-0240@test.cgi.com|0121 9876543|07700 900004|PL-0240|EF99007|£500.00|
APP012||Preview Finance 0241 Ltd|||||241 High Street|Walsall|Darlaston|Walsall|West Midlands|WS1 1SY|preview-finance-0241@test.cgi.com|0207 1234567|07700 900001|PL-0241|SW99062|Benjamin Young|
APP031|Mr||James|Edward|Thomas|Hargreaves0242|242 Park Road|Birmingham|Handsworth|Birchfield|West Midlands|B1 1BB|james.hargreaves-0242@test.cgi.com|0121 9876543|07700 900002|PL-0242|EF99007|£500.00|
APP012||Preview Corporation 0243 Ltd|||||243 Market Road|Walsall|Darlaston|Walsall|West Midlands|WS1 1SY|preview-corporation-0243@test.cgi.com|0207 1234567|07700 900003|PL-0243|RE99001|Test Address 243|
APP031|Mr||John|Smith|Alexander|Taylor0244|244 Station Road|Birmingham|Handsworth|Birchfield|West Midlands|B1 1BB|john.taylor-0244@test.cgi.com|0121 9876543|07700 900004|PL-0244|EF99007|£500.00|
APP012||Preview Finance 0245 Ltd|||||245 High Street|Walsall|Darlaston|Walsall|West Midlands|WS1 1SY|preview-finance-0245@test.cgi.com|0207 1234567|07700 900001|PL-0245|SW99062|Benjamin Young|
APP031|Mr||James|Edward|Thomas|Hargreaves0246|246 Park Road|Birmingham|Handsworth|Birchfield|West Midlands|B1 1BB|james.hargreaves-0246@test.cgi.com|0121 9876543|07700 900002|PL-0246|EF99007|£500.00|
APP012||Preview Corporation 0247 Ltd|||||247 Market Road|Walsall|Darlaston|Walsall|West Midlands|WS1 1SY|preview-corporation-0247@test.cgi.com|0207 1234567|07700 900003|PL-0247|RE99001|Test Address 247|
APP031|Mr||John|Smith|Alexander|Taylor0248|248 Station Road|Birmingham|Handsworth|Birchfield|West Midlands|B1 1BB|john.taylor-0248@test.cgi.com|0121 9876543|07700 900004|PL-0248|EF99007|£500.00|
APP012||Preview Finance 0249 Ltd|||||249 High Street|Walsall|Darlaston|Walsall|West Midlands|WS1 1SY|preview-finance-0249@test.cgi.com|0207 1234567|07700 900001|PL-0249|SW99062|Benjamin Young|
APP031|Mr||James|Edward|Thomas|Hargreaves0250|250 Park Road|Birmingham|Handsworth|Birchfield|West Midlands|B1 1BB|james.hargreaves-0250@test.cgi.com|0121 9876543|07700 900002|PL-0250|EF99007|£500.00|
APP012||Preview Corporation 0251 Ltd|||||251 Market Road|Walsall|Darlaston|Walsall|West Midlands|WS1 1SY|preview-corporation-0251@test.cgi.com|0207 1234567|07700 900003|PL-0251|RE99001|Test Address 251|
APP031|Mr||John|Smith|Alexander|Taylor0252|252 Station Road|Birmingham|Handsworth|Birchfield|West Midlands|B1 1BB|john.taylor-0252@test.cgi.com|0121 9876543|07700 900004|PL-0252|EF99007|£500.00|
APP012||Preview Finance 0253 Ltd|||||253 High Street|Walsall|Darlaston|Walsall|West Midlands|WS1 1SY|preview-finance-0253@test.cgi.com|0207 1234567|07700 900001|PL-0253|SW99062|Benjamin Young|
APP031|Mr||James|Edward|Thomas|Hargreaves0254|254 Park Road|Birmingham|Handsworth|Birchfield|West Midlands|B1 1BB|james.hargreaves-0254@test.cgi.com|0121 9876543|07700 900002|PL-0254|EF99007|£500.00|
APP012||Preview Corporation 0255 Ltd|||||255 Market Road|Walsall|Darlaston|Walsall|West Midlands|WS1 1SY|preview-corporation-0255@test.cgi.com|0207 1234567|07700 900003|PL-0255|RE99001|Test Address 255|
APP031|Mr||John|Smith|Alexander|Taylor0256|256 Station Road|Birmingham|Handsworth|Birchfield|West Midlands|B1 1BB|john.taylor-0256@test.cgi.com|0121 9876543|07700 900004|PL-0256|EF99007|£500.00|
APP012||Preview Finance 0257 Ltd|||||257 High Street|Walsall|Darlaston|Walsall|West Midlands|WS1 1SY|preview-finance-0257@test.cgi.com|0207 1234567|07700 900001|PL-0257|SW99062|Benjamin Young|
APP031|Mr||James|Edward|Thomas|Hargreaves0258|258 Park Road|Birmingham|Handsworth|Birchfield|West Midlands|B1 1BB|james.hargreaves-0258@test.cgi.com|0121 9876543|07700 900002|PL-0258|EF99007|£500.00|
APP012||Preview Corporation 0259 Ltd|||||259 Market Road|Walsall|Darlaston|Walsall|West Midlands|WS1 1SY|preview-corporation-0259@test.cgi.com|0207 1234567|07700 900003|PL-0259|RE99001|Test Address 259|
APP031|Mr||John|Smith|Alexander|Taylor0260|260 Station Road|Birmingham|Handsworth|Birchfield|West Midlands|B1 1BB|john.taylor-0260@test.cgi.com|0121 9876543|07700 900004|PL-0260|EF99007|£500.00|
APP012||Preview Finance 0261 Ltd|||||261 High Street|Walsall|Darlaston|Walsall|West Midlands|WS1 1SY|preview-finance-0261@test.cgi.com|0207 1234567|07700 900001|PL-0261|SW99062|Benjamin Young|
APP031|Mr||James|Edward|Thomas|Hargreaves0262|262 Park Road|Birmingham|Handsworth|Birchfield|West Midlands|B1 1BB|james.hargreaves-0262@test.cgi.com|0121 9876543|07700 900002|PL-0262|EF99007|£500.00|
APP012||Preview Corporation 0263 Ltd|||||263 Market Road|Walsall|Darlaston|Walsall|West Midlands|WS1 1SY|preview-corporation-0263@test.cgi.com|0207 1234567|07700 900003|PL-0263|RE99001|Test Address 263|
APP031|Mr||John|Smith|Alexander|Taylor0264|264 Station Road|Birmingham|Handsworth|Birchfield|West Midlands|B1 1BB|john.taylor-0264@test.cgi.com|0121 9876543|07700 900004|PL-0264|EF99007|£500.00|
APP012||Preview Finance 0265 Ltd|||||265 High Street|Walsall|Darlaston|Walsall|West Midlands|WS1 1SY|preview-finance-0265@test.cgi.com|0207 1234567|07700 900001|PL-0265|SW99062|Benjamin Young|
APP031|Mr||James|Edward|Thomas|Hargreaves0266|266 Park Road|Birmingham|Handsworth|Birchfield|West Midlands|B1 1BB|james.hargreaves-0266@test.cgi.com|0121 9876543|07700 900002|PL-0266|EF99007|£500.00|
APP012||Preview Corporation 0267 Ltd|||||267 Market Road|Walsall|Darlaston|Walsall|West Midlands|WS1 1SY|preview-corporation-0267@test.cgi.com|0207 1234567|07700 900003|PL-0267|RE99001|Test Address 267|
APP031|Mr||John|Smith|Alexander|Taylor0268|268 Station Road|Birmingham|Handsworth|Birchfield|West Midlands|B1 1BB|john.taylor-0268@test.cgi.com|0121 9876543|07700 900004|PL-0268|EF99007|£500.00|
APP012||Preview Finance 0269 Ltd|||||269 High Street|Walsall|Darlaston|Walsall|West Midlands|WS1 1SY|preview-finance-0269@test.cgi.com|0207 1234567|07700 900001|PL-0269|SW99062|Benjamin Young|
APP031|Mr||James|Edward|Thomas|Hargreaves0270|270 Park Road|Birmingham|Handsworth|Birchfield|West Midlands|B1 1BB|james.hargreaves-0270@test.cgi.com|0121 9876543|07700 900002|PL-0270|EF99007|£500.00|
APP012||Preview Corporation 0271 Ltd|||||271 Market Road|Walsall|Darlaston|Walsall|West Midlands|WS1 1SY|preview-corporation-0271@test.cgi.com|0207 1234567|07700 900003|PL-0271|RE99001|Test Address 271|
APP031|Mr||John|Smith|Alexander|Taylor0272|272 Station Road|Birmingham|Handsworth|Birchfield|West Midlands|B1 1BB|john.taylor-0272@test.cgi.com|0121 9876543|07700 900004|PL-0272|EF99007|£500.00|
APP012||Preview Finance 0273 Ltd|||||273 High Street|Walsall|Darlaston|Walsall|West Midlands|WS1 1SY|preview-finance-0273@test.cgi.com|0207 1234567|07700 900001|PL-0273|SW99062|Benjamin Young|
APP031|Mr||James|Edward|Thomas|Hargreaves0274|274 Park Road|Birmingham|Handsworth|Birchfield|West Midlands|B1 1BB|james.hargreaves-0274@test.cgi.com|0121 9876543|07700 900002|PL-0274|EF99007|£500.00|
APP012||Preview Corporation 0275 Ltd|||||275 Market Road|Walsall|Darlaston|Walsall|West Midlands|WS1 1SY|preview-corporation-0275@test.cgi.com|0207 1234567|07700 900003|PL-0275|RE99001|Test Address 275|
APP031|Mr||John|Smith|Alexander|Taylor0276|276 Station Road|Birmingham|Handsworth|Birchfield|West Midlands|B1 1BB|john.taylor-0276@test.cgi.com|0121 9876543|07700 900004|PL-0276|EF99007|£500.00|
APP012||Preview Finance 0277 Ltd|||||277 High Street|Walsall|Darlaston|Walsall|West Midlands|WS1 1SY|preview-finance-0277@test.cgi.com|0207 1234567|07700 900001|PL-0277|SW99062|Benjamin Young|
APP031|Mr||James|Edward|Thomas|Hargreaves0278|278 Park Road|Birmingham|Handsworth|Birchfield|West Midlands|B1 1BB|james.hargreaves-0278@test.cgi.com|0121 9876543|07700 900002|PL-0278|EF99007|£500.00|
APP012||Preview Corporation 0279 Ltd|||||279 Market Road|Walsall|Darlaston|Walsall|West Midlands|WS1 1SY|preview-corporation-0279@test.cgi.com|0207 1234567|07700 900003|PL-0279|RE99001|Test Address 279|
APP031|Mr||John|Smith|Alexander|Taylor0280|280 Station Road|Birmingham|Handsworth|Birchfield|West Midlands|B1 1BB|john.taylor-0280@test.cgi.com|0121 9876543|07700 900004|PL-0280|EF99007|£500.00|
APP012||Preview Finance 0281 Ltd|||||281 High Street|Walsall|Darlaston|Walsall|West Midlands|WS1 1SY|preview-finance-0281@test.cgi.com|0207 1234567|07700 900001|PL-0281|SW99062|Benjamin Young|
APP031|Mr||James|Edward|Thomas|Hargreaves0282|282 Park Road|Birmingham|Handsworth|Birchfield|West Midlands|B1 1BB|james.hargreaves-0282@test.cgi.com|0121 9876543|07700 900002|PL-0282|EF99007|£500.00|
APP012||Preview Corporation 0283 Ltd|||||283 Market Road|Walsall|Darlaston|Walsall|West Midlands|WS1 1SY|preview-corporation-0283@test.cgi.com|0207 1234567|07700 900003|PL-0283|RE99001|Test Address 283|
APP031|Mr||John|Smith|Alexander|Taylor0284|284 Station Road|Birmingham|Handsworth|Birchfield|West Midlands|B1 1BB|john.taylor-0284@test.cgi.com|0121 9876543|07700 900004|PL-0284|EF99007|£500.00|
APP012||Preview Finance 0285 Ltd|||||285 High Street|Walsall|Darlaston|Walsall|West Midlands|WS1 1SY|preview-finance-0285@test.cgi.com|0207 1234567|07700 900001|PL-0285|SW99062|Benjamin Young|
APP031|Mr||James|Edward|Thomas|Hargreaves0286|286 Park Road|Birmingham|Handsworth|Birchfield|West Midlands|B1 1BB|james.hargreaves-0286@test.cgi.com|0121 9876543|07700 900002|PL-0286|EF99007|£500.00|
APP012||Preview Corporation 0287 Ltd|||||287 Market Road|Walsall|Darlaston|Walsall|West Midlands|WS1 1SY|preview-corporation-0287@test.cgi.com|0207 1234567|07700 900003|PL-0287|RE99001|Test Address 287|
APP031|Mr||John|Smith|Alexander|Taylor0288|288 Station Road|Birmingham|Handsworth|Birchfield|West Midlands|B1 1BB|john.taylor-0288@test.cgi.com|0121 9876543|07700 900004|PL-0288|EF99007|£500.00|
APP012||Preview Finance 0289 Ltd|||||289 High Street|Walsall|Darlaston|Walsall|West Midlands|WS1 1SY|preview-finance-0289@test.cgi.com|0207 1234567|07700 900001|PL-0289|SW99062|Benjamin Young|
APP031|Mr||James|Edward|Thomas|Hargreaves0290|290 Park Road|Birmingham|Handsworth|Birchfield|West Midlands|B1 1BB|james.hargreaves-0290@test.cgi.com|0121 9876543|07700 900002|PL-0290|EF99007|£500.00|
APP012||Preview Corporation 0291 Ltd|||||291 Market Road|Walsall|Darlaston|Walsall|West Midlands|WS1 1SY|preview-corporation-0291@test.cgi.com|0207 1234567|07700 900003|PL-0291|RE99001|Test Address 291|
APP031|Mr||John|Smith|Alexander|Taylor0292|292 Station Road|Birmingham|Handsworth|Birchfield|West Midlands|B1 1BB|john.taylor-0292@test.cgi.com|0121 9876543|07700 900004|PL-0292|EF99007|£500.00|
APP012||Preview Finance 0293 Ltd|||||293 High Street|Walsall|Darlaston|Walsall|West Midlands|WS1 1SY|preview-finance-0293@test.cgi.com|0207 1234567|07700 900001|PL-0293|SW99062|Benjamin Young|
APP031|Mr||James|Edward|Thomas|Hargreaves0294|294 Park Road|Birmingham|Handsworth|Birchfield|West Midlands|B1 1BB|james.hargreaves-0294@test.cgi.com|0121 9876543|07700 900002|PL-0294|EF99007|£500.00|
APP012||Preview Corporation 0295 Ltd|||||295 Market Road|Walsall|Darlaston|Walsall|West Midlands|WS1 1SY|preview-corporation-0295@test.cgi.com|0207 1234567|07700 900003|PL-0295|RE99001|Test Address 295|
APP031|Mr||John|Smith|Alexander|Taylor0296|296 Station Road|Birmingham|Handsworth|Birchfield|West Midlands|B1 1BB|john.taylor-0296@test.cgi.com|0121 9876543|07700 900004|PL-0296|EF99007|£500.00|
APP012||Preview Finance 0297 Ltd|||||297 High Street|Walsall|Darlaston|Walsall|West Midlands|WS1 1SY|preview-finance-0297@test.cgi.com|0207 1234567|07700 900001|PL-0297|SW99062|Benjamin Young|
APP031|Mr||James|Edward|Thomas|Hargreaves0298|298 Park Road|Birmingham|Handsworth|Birchfield|West Midlands|B1 1BB|james.hargreaves-0298@test.cgi.com|0121 9876543|07700 900002|PL-0298|EF99007|£500.00|
APP012||Preview Corporation 0299 Ltd|||||299 Market Road|Walsall|Darlaston|Walsall|West Midlands|WS1 1SY|preview-corporation-0299@test.cgi.com|0207 1234567|07700 900003|PL-0299|RE99001|Test Address 299|
APP031|Mr||John|Smith|Alexander|Taylor0300|300 Station Road|Birmingham|Handsworth|Birchfield|West Midlands|B1 1BB|john.taylor-0300@test.cgi.com|0121 9876543|07700 900004|PL-0300|EF99007|£500.00|
APP012||Preview Finance 0301 Ltd|||||301 High Street|Walsall|Darlaston|Walsall|West Midlands|WS1 1SY|preview-finance-0301@test.cgi.com|0207 1234567|07700 900001|PL-0301|SW99062|Benjamin Young|
APP031|Mr||James|Edward|Thomas|Hargreaves0302|302 Park Road|Birmingham|Handsworth|Birchfield|West Midlands|B1 1BB|james.hargreaves-0302@test.cgi.com|0121 9876543|07700 900002|PL-0302|EF99007|£500.00|
APP012||Preview Corporation 0303 Ltd|||||303 Market Road|Walsall|Darlaston|Walsall|West Midlands|WS1 1SY|preview-corporation-0303@test.cgi.com|0207 1234567|07700 900003|PL-0303|RE99001|Test Address 303|
APP031|Mr||John|Smith|Alexander|Taylor0304|304 Station Road|Birmingham|Handsworth|Birchfield|West Midlands|B1 1BB|john.taylor-0304@test.cgi.com|0121 9876543|07700 900004|PL-0304|EF99007|£500.00|
APP012||Preview Finance 0305 Ltd|||||305 High Street|Walsall|Darlaston|Walsall|West Midlands|WS1 1SY|preview-finance-0305@test.cgi.com|0207 1234567|07700 900001|PL-0305|SW99062|Benjamin Young|
APP031|Mr||James|Edward|Thomas|Hargreaves0306|306 Park Road|Birmingham|Handsworth|Birchfield|West Midlands|B1 1BB|james.hargreaves-0306@test.cgi.com|0121 9876543|07700 900002|PL-0306|EF99007|£500.00|
APP012||Preview Corporation 0307 Ltd|||||307 Market Road|Walsall|Darlaston|Walsall|West Midlands|WS1 1SY|preview-corporation-0307@test.cgi.com|0207 1234567|07700 900003|PL-0307|RE99001|Test Address 307|
APP031|Mr||John|Smith|Alexander|Taylor0308|308 Station Road|Birmingham|Handsworth|Birchfield|West Midlands|B1 1BB|john.taylor-0308@test.cgi.com|0121 9876543|07700 900004|PL-0308|EF99007|£500.00|
APP012||Preview Finance 0309 Ltd|||||309 High Street|Walsall|Darlaston|Walsall|West Midlands|WS1 1SY|preview-finance-0309@test.cgi.com|0207 1234567|07700 900001|PL-0309|SW99062|Benjamin Young|
APP031|Mr||James|Edward|Thomas|Hargreaves0310|310 Park Road|Birmingham|Handsworth|Birchfield|West Midlands|B1 1BB|james.hargreaves-0310@test.cgi.com|0121 9876543|07700 900002|PL-0310|EF99007|£500.00|
APP012||Preview Corporation 0311 Ltd|||||311 Market Road|Walsall|Darlaston|Walsall|West Midlands|WS1 1SY|preview-corporation-0311@test.cgi.com|0207 1234567|07700 900003|PL-0311|RE99001|Test Address 311|
APP031|Mr||John|Smith|Alexander|Taylor0312|312 Station Road|Birmingham|Handsworth|Birchfield|West Midlands|B1 1BB|john.taylor-0312@test.cgi.com|0121 9876543|07700 900004|PL-0312|EF99007|£500.00|
APP012||Preview Finance 0313 Ltd|||||313 High Street|Walsall|Darlaston|Walsall|West Midlands|WS1 1SY|preview-finance-0313@test.cgi.com|0207 1234567|07700 900001|PL-0313|SW99062|Benjamin Young|
APP031|Mr||James|Edward|Thomas|Hargreaves0314|314 Park Road|Birmingham|Handsworth|Birchfield|West Midlands|B1 1BB|james.hargreaves-0314@test.cgi.com|0121 9876543|07700 900002|PL-0314|EF99007|£500.00|
APP012||Preview Corporation 0315 Ltd|||||315 Market Road|Walsall|Darlaston|Walsall|West Midlands|WS1 1SY|preview-corporation-0315@test.cgi.com|0207 1234567|07700 900003|PL-0315|RE99001|Test Address 315|
APP031|Mr||John|Smith|Alexander|Taylor0316|316 Station Road|Birmingham|Handsworth|Birchfield|West Midlands|B1 1BB|john.taylor-0316@test.cgi.com|0121 9876543|07700 900004|PL-0316|EF99007|£500.00|
APP012||Preview Finance 0317 Ltd|||||317 High Street|Walsall|Darlaston|Walsall|West Midlands|WS1 1SY|preview-finance-0317@test.cgi.com|0207 1234567|07700 900001|PL-0317|SW99062|Benjamin Young|
APP031|Mr||James|Edward|Thomas|Hargreaves0318|318 Park Road|Birmingham|Handsworth|Birchfield|West Midlands|B1 1BB|james.hargreaves-0318@test.cgi.com|0121 9876543|07700 900002|PL-0318|EF99007|£500.00|
APP012||Preview Corporation 0319 Ltd|||||319 Market Road|Walsall|Darlaston|Walsall|West Midlands|WS1 1SY|preview-corporation-0319@test.cgi.com|0207 1234567|07700 900003|PL-0319|RE99001|Test Address 319|
APP031|Mr||John|Smith|Alexander|Taylor0320|320 Station Road|Birmingham|Handsworth|Birchfield|West Midlands|B1 1BB|john.taylor-0320@test.cgi.com|0121 9876543|07700 900004|PL-0320|EF99007|£500.00|
APP012||Preview Finance 0321 Ltd|||||321 High Street|Walsall|Darlaston|Walsall|West Midlands|WS1 1SY|preview-finance-0321@test.cgi.com|0207 1234567|07700 900001|PL-0321|SW99062|Benjamin Young|
APP031|Mr||James|Edward|Thomas|Hargreaves0322|322 Park Road|Birmingham|Handsworth|Birchfield|West Midlands|B1 1BB|james.hargreaves-0322@test.cgi.com|0121 9876543|07700 900002|PL-0322|EF99007|£500.00|
APP012||Preview Corporation 0323 Ltd|||||323 Market Road|Walsall|Darlaston|Walsall|West Midlands|WS1 1SY|preview-corporation-0323@test.cgi.com|0207 1234567|07700 900003|PL-0323|RE99001|Test Address 323|
APP031|Mr||John|Smith|Alexander|Taylor0324|324 Station Road|Birmingham|Handsworth|Birchfield|West Midlands|B1 1BB|john.taylor-0324@test.cgi.com|0121 9876543|07700 900004|PL-0324|EF99007|£500.00|
APP012||Preview Finance 0325 Ltd|||||325 High Street|Walsall|Darlaston|Walsall|West Midlands|WS1 1SY|preview-finance-0325@test.cgi.com|0207 1234567|07700 900001|PL-0325|SW99062|Benjamin Young|
APP031|Mr||James|Edward|Thomas|Hargreaves0326|326 Park Road|Birmingham|Handsworth|Birchfield|West Midlands|B1 1BB|james.hargreaves-0326@test.cgi.com|0121 9876543|07700 900002|PL-0326|EF99007|£500.00|
APP012||Preview Corporation 0327 Ltd|||||327 Market Road|Walsall|Darlaston|Walsall|West Midlands|WS1 1SY|preview-corporation-0327@test.cgi.com|0207 1234567|07700 900003|PL-0327|RE99001|Test Address 327|
APP031|Mr||John|Smith|Alexander|Taylor0328|328 Station Road|Birmingham|Handsworth|Birchfield|West Midlands|B1 1BB|john.taylor-0328@test.cgi.com|0121 9876543|07700 900004|PL-0328|EF99007|£500.00|
APP012||Preview Finance 0329 Ltd|||||329 High Street|Walsall|Darlaston|Walsall|West Midlands|WS1 1SY|preview-finance-0329@test.cgi.com|0207 1234567|07700 900001|PL-0329|SW99062|Benjamin Young|
APP031|Mr||James|Edward|Thomas|Hargreaves0330|330 Park Road|Birmingham|Handsworth|Birchfield|West Midlands|B1 1BB|james.hargreaves-0330@test.cgi.com|0121 9876543|07700 900002|PL-0330|EF99007|£500.00|
APP012||Preview Corporation 0331 Ltd|||||331 Market Road|Walsall|Darlaston|Walsall|West Midlands|WS1 1SY|preview-corporation-0331@test.cgi.com|0207 1234567|07700 900003|PL-0331|RE99001|Test Address 331|
APP031|Mr||John|Smith|Alexander|Taylor0332|332 Station Road|Birmingham|Handsworth|Birchfield|West Midlands|B1 1BB|john.taylor-0332@test.cgi.com|0121 9876543|07700 900004|PL-0332|EF99007|£500.00|
APP012||Preview Finance 0333 Ltd|||||333 High Street|Walsall|Darlaston|Walsall|West Midlands|WS1 1SY|preview-finance-0333@test.cgi.com|0207 1234567|07700 900001|PL-0333|SW99062|Benjamin Young|
APP031|Mr||James|Edward|Thomas|Hargreaves0334|334 Park Road|Birmingham|Handsworth|Birchfield|West Midlands|B1 1BB|james.hargreaves-0334@test.cgi.com|0121 9876543|07700 900002|PL-0334|EF99007|£500.00|
APP012||Preview Corporation 0335 Ltd|||||335 Market Road|Walsall|Darlaston|Walsall|West Midlands|WS1 1SY|preview-corporation-0335@test.cgi.com|0207 1234567|07700 900003|PL-0335|RE99001|Test Address 335|
APP031|Mr||John|Smith|Alexander|Taylor0336|336 Station Road|Birmingham|Handsworth|Birchfield|West Midlands|B1 1BB|john.taylor-0336@test.cgi.com|0121 9876543|07700 900004|PL-0336|EF99007|£500.00|
APP012||Preview Finance 0337 Ltd|||||337 High Street|Walsall|Darlaston|Walsall|West Midlands|WS1 1SY|preview-finance-0337@test.cgi.com|0207 1234567|07700 900001|PL-0337|SW99062|Benjamin Young|
APP031|Mr||James|Edward|Thomas|Hargreaves0338|338 Park Road|Birmingham|Handsworth|Birchfield|West Midlands|B1 1BB|james.hargreaves-0338@test.cgi.com|0121 9876543|07700 900002|PL-0338|EF99007|£500.00|
APP012||Preview Corporation 0339 Ltd|||||339 Market Road|Walsall|Darlaston|Walsall|West Midlands|WS1 1SY|preview-corporation-0339@test.cgi.com|0207 1234567|07700 900003|PL-0339|RE99001|Test Address 339|
APP031|Mr||John|Smith|Alexander|Taylor0340|340 Station Road|Birmingham|Handsworth|Birchfield|West Midlands|B1 1BB|john.taylor-0340@test.cgi.com|0121 9876543|07700 900004|PL-0340|EF99007|£500.00|
APP012||Preview Finance 0341 Ltd|||||341 High Street|Walsall|Darlaston|Walsall|West Midlands|WS1 1SY|preview-finance-0341@test.cgi.com|0207 1234567|07700 900001|PL-0341|SW99062|Benjamin Young|
APP031|Mr||James|Edward|Thomas|Hargreaves0342|342 Park Road|Birmingham|Handsworth|Birchfield|West Midlands|B1 1BB|james.hargreaves-0342@test.cgi.com|0121 9876543|07700 900002|PL-0342|EF99007|£500.00|
APP012||Preview Corporation 0343 Ltd|||||343 Market Road|Walsall|Darlaston|Walsall|West Midlands|WS1 1SY|preview-corporation-0343@test.cgi.com|0207 1234567|07700 900003|PL-0343|RE99001|Test Address 343|
APP031|Mr||John|Smith|Alexander|Taylor0344|344 Station Road|Birmingham|Handsworth|Birchfield|West Midlands|B1 1BB|john.taylor-0344@test.cgi.com|0121 9876543|07700 900004|PL-0344|EF99007|£500.00|
APP012||Preview Finance 0345 Ltd|||||345 High Street|Walsall|Darlaston|Walsall|West Midlands|WS1 1SY|preview-finance-0345@test.cgi.com|0207 1234567|07700 900001|PL-0345|SW99062|Benjamin Young|
APP031|Mr||James|Edward|Thomas|Hargreaves0346|346 Park Road|Birmingham|Handsworth|Birchfield|West Midlands|B1 1BB|james.hargreaves-0346@test.cgi.com|0121 9876543|07700 900002|PL-0346|EF99007|£500.00|
APP012||Preview Corporation 0347 Ltd|||||347 Market Road|Walsall|Darlaston|Walsall|West Midlands|WS1 1SY|preview-corporation-0347@test.cgi.com|0207 1234567|07700 900003|PL-0347|RE99001|Test Address 347|
APP031|Mr||John|Smith|Alexander|Taylor0348|348 Station Road|Birmingham|Handsworth|Birchfield|West Midlands|B1 1BB|john.taylor-0348@test.cgi.com|0121 9876543|07700 900004|PL-0348|EF99007|£500.00|
APP012||Preview Finance 0349 Ltd|||||349 High Street|Walsall|Darlaston|Walsall|West Midlands|WS1 1SY|preview-finance-0349@test.cgi.com|0207 1234567|07700 900001|PL-0349|SW99062|Benjamin Young|
APP031|Mr||James|Edward|Thomas|Hargreaves0350|350 Park Road|Birmingham|Handsworth|Birchfield|West Midlands|B1 1BB|james.hargreaves-0350@test.cgi.com|0121 9876543|07700 900002|PL-0350|EF99007|£500.00|
APP012||Preview Corporation 0351 Ltd|||||351 Market Road|Walsall|Darlaston|Walsall|West Midlands|WS1 1SY|preview-corporation-0351@test.cgi.com|0207 1234567|07700 900003|PL-0351|RE99001|Test Address 351|
APP031|Mr||John|Smith|Alexander|Taylor0352|352 Station Road|Birmingham|Handsworth|Birchfield|West Midlands|B1 1BB|john.taylor-0352@test.cgi.com|0121 9876543|07700 900004|PL-0352|EF99007|£500.00|
APP012||Preview Finance 0353 Ltd|||||353 High Street|Walsall|Darlaston|Walsall|West Midlands|WS1 1SY|preview-finance-0353@test.cgi.com|0207 1234567|07700 900001|PL-0353|SW99062|Benjamin Young|
APP031|Mr||James|Edward|Thomas|Hargreaves0354|354 Park Road|Birmingham|Handsworth|Birchfield|West Midlands|B1 1BB|james.hargreaves-0354@test.cgi.com|0121 9876543|07700 900002|PL-0354|EF99007|£500.00|
APP012||Preview Corporation 0355 Ltd|||||355 Market Road|Walsall|Darlaston|Walsall|West Midlands|WS1 1SY|preview-corporation-0355@test.cgi.com|0207 1234567|07700 900003|PL-0355|RE99001|Test Address 355|
APP031|Mr||John|Smith|Alexander|Taylor0356|356 Station Road|Birmingham|Handsworth|Birchfield|West Midlands|B1 1BB|john.taylor-0356@test.cgi.com|0121 9876543|07700 900004|PL-0356|EF99007|£500.00|
APP012||Preview Finance 0357 Ltd|||||357 High Street|Walsall|Darlaston|Walsall|West Midlands|WS1 1SY|preview-finance-0357@test.cgi.com|0207 1234567|07700 900001|PL-0357|SW99062|Benjamin Young|
APP031|Mr||James|Edward|Thomas|Hargreaves0358|358 Park Road|Birmingham|Handsworth|Birchfield|West Midlands|B1 1BB|james.hargreaves-0358@test.cgi.com|0121 9876543|07700 900002|PL-0358|EF99007|£500.00|
APP012||Preview Corporation 0359 Ltd|||||359 Market Road|Walsall|Darlaston|Walsall|West Midlands|WS1 1SY|preview-corporation-0359@test.cgi.com|0207 1234567|07700 900003|PL-0359|RE99001|Test Address 359|
APP031|Mr||John|Smith|Alexander|Taylor0360|360 Station Road|Birmingham|Handsworth|Birchfield|West Midlands|B1 1BB|john.taylor-0360@test.cgi.com|0121 9876543|07700 900004|PL-0360|EF99007|£500.00|
APP012||Preview Finance 0361 Ltd|||||361 High Street|Walsall|Darlaston|Walsall|West Midlands|WS1 1SY|preview-finance-0361@test.cgi.com|0207 1234567|07700 900001|PL-0361|SW99062|Benjamin Young|
APP031|Mr||James|Edward|Thomas|Hargreaves0362|362 Park Road|Birmingham|Handsworth|Birchfield|West Midlands|B1 1BB|james.hargreaves-0362@test.cgi.com|0121 9876543|07700 900002|PL-0362|EF99007|£500.00|
APP012||Preview Corporation 0363 Ltd|||||363 Market Road|Walsall|Darlaston|Walsall|West Midlands|WS1 1SY|preview-corporation-0363@test.cgi.com|0207 1234567|07700 900003|PL-0363|RE99001|Test Address 363|
APP031|Mr||John|Smith|Alexander|Taylor0364|364 Station Road|Birmingham|Handsworth|Birchfield|West Midlands|B1 1BB|john.taylor-0364@test.cgi.com|0121 9876543|07700 900004|PL-0364|EF99007|£500.00|
APP012||Preview Finance 0365 Ltd|||||365 High Street|Walsall|Darlaston|Walsall|West Midlands|WS1 1SY|preview-finance-0365@test.cgi.com|0207 1234567|07700 900001|PL-0365|SW99062|Benjamin Young|
APP031|Mr||James|Edward|Thomas|Hargreaves0366|366 Park Road|Birmingham|Handsworth|Birchfield|West Midlands|B1 1BB|james.hargreaves-0366@test.cgi.com|0121 9876543|07700 900002|PL-0366|EF99007|£500.00|
APP012||Preview Corporation 0367 Ltd|||||367 Market Road|Walsall|Darlaston|Walsall|West Midlands|WS1 1SY|preview-corporation-0367@test.cgi.com|0207 1234567|07700 900003|PL-0367|RE99001|Test Address 367|
APP031|Mr||John|Smith|Alexander|Taylor0368|368 Station Road|Birmingham|Handsworth|Birchfield|West Midlands|B1 1BB|john.taylor-0368@test.cgi.com|0121 9876543|07700 900004|PL-0368|EF99007|£500.00|
APP012||Preview Finance 0369 Ltd|||||369 High Street|Walsall|Darlaston|Walsall|West Midlands|WS1 1SY|preview-finance-0369@test.cgi.com|0207 1234567|07700 900001|PL-0369|SW99062|Benjamin Young|
APP031|Mr||James|Edward|Thomas|Hargreaves0370|370 Park Road|Birmingham|Handsworth|Birchfield|West Midlands|B1 1BB|james.hargreaves-0370@test.cgi.com|0121 9876543|07700 900002|PL-0370|EF99007|£500.00|
APP012||Preview Corporation 0371 Ltd|||||371 Market Road|Walsall|Darlaston|Walsall|West Midlands|WS1 1SY|preview-corporation-0371@test.cgi.com|0207 1234567|07700 900003|PL-0371|RE99001|Test Address 371|
APP031|Mr||John|Smith|Alexander|Taylor0372|372 Station Road|Birmingham|Handsworth|Birchfield|West Midlands|B1 1BB|john.taylor-0372@test.cgi.com|0121 9876543|07700 900004|PL-0372|EF99007|£500.00|
APP012||Preview Finance 0373 Ltd|||||373 High Street|Walsall|Darlaston|Walsall|West Midlands|WS1 1SY|preview-finance-0373@test.cgi.com|0207 1234567|07700 900001|PL-0373|SW99062|Benjamin Young|
APP031|Mr||James|Edward|Thomas|Hargreaves0374|374 Park Road|Birmingham|Handsworth|Birchfield|West Midlands|B1 1BB|james.hargreaves-0374@test.cgi.com|0121 9876543|07700 900002|PL-0374|EF99007|£500.00|
APP012||Preview Corporation 0375 Ltd|||||375 Market Road|Walsall|Darlaston|Walsall|West Midlands|WS1 1SY|preview-corporation-0375@test.cgi.com|0207 1234567|07700 900003|PL-0375|RE99001|Test Address 375|
APP031|Mr||John|Smith|Alexander|Taylor0376|376 Station Road|Birmingham|Handsworth|Birchfield|West Midlands|B1 1BB|john.taylor-0376@test.cgi.com|0121 9876543|07700 900004|PL-0376|EF99007|£500.00|
APP012||Preview Finance 0377 Ltd|||||377 High Street|Walsall|Darlaston|Walsall|West Midlands|WS1 1SY|preview-finance-0377@test.cgi.com|0207 1234567|07700 900001|PL-0377|SW99062|Benjamin Young|
APP031|Mr||James|Edward|Thomas|Hargreaves0378|378 Park Road|Birmingham|Handsworth|Birchfield|West Midlands|B1 1BB|james.hargreaves-0378@test.cgi.com|0121 9876543|07700 900002|PL-0378|EF99007|£500.00|
APP012||Preview Corporation 0379 Ltd|||||379 Market Road|Walsall|Darlaston|Walsall|West Midlands|WS1 1SY|preview-corporation-0379@test.cgi.com|0207 1234567|07700 900003|PL-0379|RE99001|Test Address 379|
APP031|Mr||John|Smith|Alexander|Taylor0380|380 Station Road|Birmingham|Handsworth|Birchfield|West Midlands|B1 1BB|john.taylor-0380@test.cgi.com|0121 9876543|07700 900004|PL-0380|EF99007|£500.00|
APP012||Preview Finance 0381 Ltd|||||381 High Street|Walsall|Darlaston|Walsall|West Midlands|WS1 1SY|preview-finance-0381@test.cgi.com|0207 1234567|07700 900001|PL-0381|SW99062|Benjamin Young|
APP031|Mr||James|Edward|Thomas|Hargreaves0382|382 Park Road|Birmingham|Handsworth|Birchfield|West Midlands|B1 1BB|james.hargreaves-0382@test.cgi.com|0121 9876543|07700 900002|PL-0382|EF99007|£500.00|
APP012||Preview Corporation 0383 Ltd|||||383 Market Road|Walsall|Darlaston|Walsall|West Midlands|WS1 1SY|preview-corporation-0383@test.cgi.com|0207 1234567|07700 900003|PL-0383|RE99001|Test Address 383|
APP031|Mr||John|Smith|Alexander|Taylor0384|384 Station Road|Birmingham|Handsworth|Birchfield|West Midlands|B1 1BB|john.taylor-0384@test.cgi.com|0121 9876543|07700 900004|PL-0384|EF99007|£500.00|
APP012||Preview Finance 0385 Ltd|||||385 High Street|Walsall|Darlaston|Walsall|West Midlands|WS1 1SY|preview-finance-0385@test.cgi.com|0207 1234567|07700 900001|PL-0385|SW99062|Benjamin Young|
APP031|Mr||James|Edward|Thomas|Hargreaves0386|386 Park Road|Birmingham|Handsworth|Birchfield|West Midlands|B1 1BB|james.hargreaves-0386@test.cgi.com|0121 9876543|07700 900002|PL-0386|EF99007|£500.00|
APP012||Preview Corporation 0387 Ltd|||||387 Market Road|Walsall|Darlaston|Walsall|West Midlands|WS1 1SY|preview-corporation-0387@test.cgi.com|0207 1234567|07700 900003|PL-0387|RE99001|Test Address 387|
APP031|Mr||John|Smith|Alexander|Taylor0388|388 Station Road|Birmingham|Handsworth|Birchfield|West Midlands|B1 1BB|john.taylor-0388@test.cgi.com|0121 9876543|07700 900004|PL-0388|EF99007|£500.00|
APP012||Preview Finance 0389 Ltd|||||389 High Street|Walsall|Darlaston|Walsall|West Midlands|WS1 1SY|preview-finance-0389@test.cgi.com|0207 1234567|07700 900001|PL-0389|SW99062|Benjamin Young|
APP031|Mr||James|Edward|Thomas|Hargreaves0390|390 Park Road|Birmingham|Handsworth|Birchfield|West Midlands|B1 1BB|james.hargreaves-0390@test.cgi.com|0121 9876543|07700 900002|PL-0390|EF99007|£500.00|
APP012||Preview Corporation 0391 Ltd|||||391 Market Road|Walsall|Darlaston|Walsall|West Midlands|WS1 1SY|preview-corporation-0391@test.cgi.com|0207 1234567|07700 900003|PL-0391|RE99001|Test Address 391|
APP031|Mr||John|Smith|Alexander|Taylor0392|392 Station Road|Birmingham|Handsworth|Birchfield|West Midlands|B1 1BB|john.taylor-0392@test.cgi.com|0121 9876543|07700 900004|PL-0392|EF99007|£500.00|
APP012||Preview Finance 0393 Ltd|||||393 High Street|Walsall|Darlaston|Walsall|West Midlands|WS1 1SY|preview-finance-0393@test.cgi.com|0207 1234567|07700 900001|PL-0393|SW99062|Benjamin Young|
APP031|Mr||James|Edward|Thomas|Hargreaves0394|394 Park Road|Birmingham|Handsworth|Birchfield|West Midlands|B1 1BB|james.hargreaves-0394@test.cgi.com|0121 9876543|07700 900002|PL-0394|EF99007|£500.00|
APP012||Preview Corporation 0395 Ltd|||||395 Market Road|Walsall|Darlaston|Walsall|West Midlands|WS1 1SY|preview-corporation-0395@test.cgi.com|0207 1234567|07700 900003|PL-0395|RE99001|Test Address 395|
APP031|Mr||John|Smith|Alexander|Taylor0396|396 Station Road|Birmingham|Handsworth|Birchfield|West Midlands|B1 1BB|john.taylor-0396@test.cgi.com|0121 9876543|07700 900004|PL-0396|EF99007|£500.00|
APP012||Preview Finance 0397 Ltd|||||397 High Street|Walsall|Darlaston|Walsall|West Midlands|WS1 1SY|preview-finance-0397@test.cgi.com|0207 1234567|07700 900001|PL-0397|SW99062|Benjamin Young|
APP031|Mr||James|Edward|Thomas|Hargreaves0398|398 Park Road|Birmingham|Handsworth|Birchfield|West Midlands|B1 1BB|james.hargreaves-0398@test.cgi.com|0121 9876543|07700 900002|PL-0398|EF99007|£500.00|
APP012||Preview Corporation 0399 Ltd|||||399 Market Road|Walsall|Darlaston|Walsall|West Midlands|WS1 1SY|preview-corporation-0399@test.cgi.com|0207 1234567|07700 900003|PL-0399|RE99001|Test Address 399|
APP031|Mr||John|Smith|Alexander|Taylor0400|400 Station Road|Birmingham|Handsworth|Birchfield|West Midlands|B1 1BB|john.taylor-0400@test.cgi.com|0121 9876543|07700 900004|PL-0400|EF99007|£500.00|
APP012||Preview Finance 0401 Ltd|||||401 High Street|Walsall|Darlaston|Walsall|West Midlands|WS1 1SY|preview-finance-0401@test.cgi.com|0207 1234567|07700 900001|PL-0401|SW99062|Benjamin Young|
APP031|Mr||James|Edward|Thomas|Hargreaves0402|402 Park Road|Birmingham|Handsworth|Birchfield|West Midlands|B1 1BB|james.hargreaves-0402@test.cgi.com|0121 9876543|07700 900002|PL-0402|EF99007|£500.00|
APP012||Preview Corporation 0403 Ltd|||||403 Market Road|Walsall|Darlaston|Walsall|West Midlands|WS1 1SY|preview-corporation-0403@test.cgi.com|0207 1234567|07700 900003|PL-0403|RE99001|Test Address 403|
APP031|Mr||John|Smith|Alexander|Taylor0404|404 Station Road|Birmingham|Handsworth|Birchfield|West Midlands|B1 1BB|john.taylor-0404@test.cgi.com|0121 9876543|07700 900004|PL-0404|EF99007|£500.00|
APP012||Preview Finance 0405 Ltd|||||405 High Street|Walsall|Darlaston|Walsall|West Midlands|WS1 1SY|preview-finance-0405@test.cgi.com|0207 1234567|07700 900001|PL-0405|SW99062|Benjamin Young|
APP031|Mr||James|Edward|Thomas|Hargreaves0406|406 Park Road|Birmingham|Handsworth|Birchfield|West Midlands|B1 1BB|james.hargreaves-0406@test.cgi.com|0121 9876543|07700 900002|PL-0406|EF99007|£500.00|
APP012||Preview Corporation 0407 Ltd|||||407 Market Road|Walsall|Darlaston|Walsall|West Midlands|WS1 1SY|preview-corporation-0407@test.cgi.com|0207 1234567|07700 900003|PL-0407|RE99001|Test Address 407|
APP031|Mr||John|Smith|Alexander|Taylor0408|408 Station Road|Birmingham|Handsworth|Birchfield|West Midlands|B1 1BB|john.taylor-0408@test.cgi.com|0121 9876543|07700 900004|PL-0408|EF99007|£500.00|
APP012||Preview Finance 0409 Ltd|||||409 High Street|Walsall|Darlaston|Walsall|West Midlands|WS1 1SY|preview-finance-0409@test.cgi.com|0207 1234567|07700 900001|PL-0409|SW99062|Benjamin Young|
APP031|Mr||James|Edward|Thomas|Hargreaves0410|410 Park Road|Birmingham|Handsworth|Birchfield|West Midlands|B1 1BB|james.hargreaves-0410@test.cgi.com|0121 9876543|07700 900002|PL-0410|EF99007|£500.00|
APP012||Preview Corporation 0411 Ltd|||||411 Market Road|Walsall|Darlaston|Walsall|West Midlands|WS1 1SY|preview-corporation-0411@test.cgi.com|0207 1234567|07700 900003|PL-0411|RE99001|Test Address 411|
APP031|Mr||John|Smith|Alexander|Taylor0412|412 Station Road|Birmingham|Handsworth|Birchfield|West Midlands|B1 1BB|john.taylor-0412@test.cgi.com|0121 9876543|07700 900004|PL-0412|EF99007|£500.00|
APP012||Preview Finance 0413 Ltd|||||413 High Street|Walsall|Darlaston|Walsall|West Midlands|WS1 1SY|preview-finance-0413@test.cgi.com|0207 1234567|07700 900001|PL-0413|SW99062|Benjamin Young|
APP031|Mr||James|Edward|Thomas|Hargreaves0414|414 Park Road|Birmingham|Handsworth|Birchfield|West Midlands|B1 1BB|james.hargreaves-0414@test.cgi.com|0121 9876543|07700 900002|PL-0414|EF99007|£500.00|
APP012||Preview Corporation 0415 Ltd|||||415 Market Road|Walsall|Darlaston|Walsall|West Midlands|WS1 1SY|preview-corporation-0415@test.cgi.com|0207 1234567|07700 900003|PL-0415|RE99001|Test Address 415|
APP031|Mr||John|Smith|Alexander|Taylor0416|416 Station Road|Birmingham|Handsworth|Birchfield|West Midlands|B1 1BB|john.taylor-0416@test.cgi.com|0121 9876543|07700 900004|PL-0416|EF99007|£500.00|
APP012||Preview Finance 0417 Ltd|||||417 High Street|Walsall|Darlaston|Walsall|West Midlands|WS1 1SY|preview-finance-0417@test.cgi.com|0207 1234567|07700 900001|PL-0417|SW99062|Benjamin Young|
APP031|Mr||James|Edward|Thomas|Hargreaves0418|418 Park Road|Birmingham|Handsworth|Birchfield|West Midlands|B1 1BB|james.hargreaves-0418@test.cgi.com|0121 9876543|07700 900002|PL-0418|EF99007|£500.00|
APP012||Preview Corporation 0419 Ltd|||||419 Market Road|Walsall|Darlaston|Walsall|West Midlands|WS1 1SY|preview-corporation-0419@test.cgi.com|0207 1234567|07700 900003|PL-0419|RE99001|Test Address 419|
APP031|Mr||John|Smith|Alexander|Taylor0420|420 Station Road|Birmingham|Handsworth|Birchfield|West Midlands|B1 1BB|john.taylor-0420@test.cgi.com|0121 9876543|07700 900004|PL-0420|EF99007|£500.00|
APP012||Preview Finance 0421 Ltd|||||421 High Street|Walsall|Darlaston|Walsall|West Midlands|WS1 1SY|preview-finance-0421@test.cgi.com|0207 1234567|07700 900001|PL-0421|SW99062|Benjamin Young|
APP031|Mr||James|Edward|Thomas|Hargreaves0422|422 Park Road|Birmingham|Handsworth|Birchfield|West Midlands|B1 1BB|james.hargreaves-0422@test.cgi.com|0121 9876543|07700 900002|PL-0422|EF99007|£500.00|
APP012||Preview Corporation 0423 Ltd|||||423 Market Road|Walsall|Darlaston|Walsall|West Midlands|WS1 1SY|preview-corporation-0423@test.cgi.com|0207 1234567|07700 900003|PL-0423|RE99001|Test Address 423|
APP031|Mr||John|Smith|Alexander|Taylor0424|424 Station Road|Birmingham|Handsworth|Birchfield|West Midlands|B1 1BB|john.taylor-0424@test.cgi.com|0121 9876543|07700 900004|PL-0424|EF99007|£500.00|
APP012||Preview Finance 0425 Ltd|||||425 High Street|Walsall|Darlaston|Walsall|West Midlands|WS1 1SY|preview-finance-0425@test.cgi.com|0207 1234567|07700 900001|PL-0425|SW99062|Benjamin Young|
APP031|Mr||James|Edward|Thomas|Hargreaves0426|426 Park Road|Birmingham|Handsworth|Birchfield|West Midlands|B1 1BB|james.hargreaves-0426@test.cgi.com|0121 9876543|07700 900002|PL-0426|EF99007|£500.00|
APP012||Preview Corporation 0427 Ltd|||||427 Market Road|Walsall|Darlaston|Walsall|West Midlands|WS1 1SY|preview-corporation-0427@test.cgi.com|0207 1234567|07700 900003|PL-0427|RE99001|Test Address 427|
APP031|Mr||John|Smith|Alexander|Taylor0428|428 Station Road|Birmingham|Handsworth|Birchfield|West Midlands|B1 1BB|john.taylor-0428@test.cgi.com|0121 9876543|07700 900004|PL-0428|EF99007|£500.00|
APP012||Preview Finance 0429 Ltd|||||429 High Street|Walsall|Darlaston|Walsall|West Midlands|WS1 1SY|preview-finance-0429@test.cgi.com|0207 1234567|07700 900001|PL-0429|SW99062|Benjamin Young|
APP031|Mr||James|Edward|Thomas|Hargreaves0430|430 Park Road|Birmingham|Handsworth|Birchfield|West Midlands|B1 1BB|james.hargreaves-0430@test.cgi.com|0121 9876543|07700 900002|PL-0430|EF99007|£500.00|
APP012||Preview Corporation 0431 Ltd|||||431 Market Road|Walsall|Darlaston|Walsall|West Midlands|WS1 1SY|preview-corporation-0431@test.cgi.com|0207 1234567|07700 900003|PL-0431|RE99001|Test Address 431|
APP031|Mr||John|Smith|Alexander|Taylor0432|432 Station Road|Birmingham|Handsworth|Birchfield|West Midlands|B1 1BB|john.taylor-0432@test.cgi.com|0121 9876543|07700 900004|PL-0432|EF99007|£500.00|
APP012||Preview Finance 0433 Ltd|||||433 High Street|Walsall|Darlaston|Walsall|West Midlands|WS1 1SY|preview-finance-0433@test.cgi.com|0207 1234567|07700 900001|PL-0433|SW99062|Benjamin Young|
APP031|Mr||James|Edward|Thomas|Hargreaves0434|434 Park Road|Birmingham|Handsworth|Birchfield|West Midlands|B1 1BB|james.hargreaves-0434@test.cgi.com|0121 9876543|07700 900002|PL-0434|EF99007|£500.00|
APP012||Preview Corporation 0435 Ltd|||||435 Market Road|Walsall|Darlaston|Walsall|West Midlands|WS1 1SY|preview-corporation-0435@test.cgi.com|0207 1234567|07700 900003|PL-0435|RE99001|Test Address 435|
APP031|Mr||John|Smith|Alexander|Taylor0436|436 Station Road|Birmingham|Handsworth|Birchfield|West Midlands|B1 1BB|john.taylor-0436@test.cgi.com|0121 9876543|07700 900004|PL-0436|EF99007|£500.00|
APP012||Preview Finance 0437 Ltd|||||437 High Street|Walsall|Darlaston|Walsall|West Midlands|WS1 1SY|preview-finance-0437@test.cgi.com|0207 1234567|07700 900001|PL-0437|SW99062|Benjamin Young|
APP031|Mr||James|Edward|Thomas|Hargreaves0438|438 Park Road|Birmingham|Handsworth|Birchfield|West Midlands|B1 1BB|james.hargreaves-0438@test.cgi.com|0121 9876543|07700 900002|PL-0438|EF99007|£500.00|
APP012||Preview Corporation 0439 Ltd|||||439 Market Road|Walsall|Darlaston|Walsall|West Midlands|WS1 1SY|preview-corporation-0439@test.cgi.com|0207 1234567|07700 900003|PL-0439|RE99001|Test Address 439|
APP031|Mr||John|Smith|Alexander|Taylor0440|440 Station Road|Birmingham|Handsworth|Birchfield|West Midlands|B1 1BB|john.taylor-0440@test.cgi.com|0121 9876543|07700 900004|PL-0440|EF99007|£500.00|
APP012||Preview Finance 0441 Ltd|||||441 High Street|Walsall|Darlaston|Walsall|West Midlands|WS1 1SY|preview-finance-0441@test.cgi.com|0207 1234567|07700 900001|PL-0441|SW99062|Benjamin Young|
APP031|Mr||James|Edward|Thomas|Hargreaves0442|442 Park Road|Birmingham|Handsworth|Birchfield|West Midlands|B1 1BB|james.hargreaves-0442@test.cgi.com|0121 9876543|07700 900002|PL-0442|EF99007|£500.00|
APP012||Preview Corporation 0443 Ltd|||||443 Market Road|Walsall|Darlaston|Walsall|West Midlands|WS1 1SY|preview-corporation-0443@test.cgi.com|0207 1234567|07700 900003|PL-0443|RE99001|Test Address 443|
APP031|Mr||John|Smith|Alexander|Taylor0444|444 Station Road|Birmingham|Handsworth|Birchfield|West Midlands|B1 1BB|john.taylor-0444@test.cgi.com|0121 9876543|07700 900004|PL-0444|EF99007|£500.00|
APP012||Preview Finance 0445 Ltd|||||445 High Street|Walsall|Darlaston|Walsall|West Midlands|WS1 1SY|preview-finance-0445@test.cgi.com|0207 1234567|07700 900001|PL-0445|SW99062|Benjamin Young|
APP031|Mr||James|Edward|Thomas|Hargreaves0446|446 Park Road|Birmingham|Handsworth|Birchfield|West Midlands|B1 1BB|james.hargreaves-0446@test.cgi.com|0121 9876543|07700 900002|PL-0446|EF99007|£500.00|
APP012||Preview Corporation 0447 Ltd|||||447 Market Road|Walsall|Darlaston|Walsall|West Midlands|WS1 1SY|preview-corporation-0447@test.cgi.com|0207 1234567|07700 900003|PL-0447|RE99001|Test Address 447|
APP031|Mr||John|Smith|Alexander|Taylor0448|448 Station Road|Birmingham|Handsworth|Birchfield|West Midlands|B1 1BB|john.taylor-0448@test.cgi.com|0121 9876543|07700 900004|PL-0448|EF99007|£500.00|
APP012||Preview Finance 0449 Ltd|||||449 High Street|Walsall|Darlaston|Walsall|West Midlands|WS1 1SY|preview-finance-0449@test.cgi.com|0207 1234567|07700 900001|PL-0449|SW99062|Benjamin Young|
APP031|Mr||James|Edward|Thomas|Hargreaves0450|450 Park Road|Birmingham|Handsworth|Birchfield|West Midlands|B1 1BB|james.hargreaves-0450@test.cgi.com|0121 9876543|07700 900002|PL-0450|EF99007|£500.00|
APP012||Preview Corporation 0451 Ltd|||||451 Market Road|Walsall|Darlaston|Walsall|West Midlands|WS1 1SY|preview-corporation-0451@test.cgi.com|0207 1234567|07700 900003|PL-0451|RE99001|Test Address 451|
APP031|Mr||John|Smith|Alexander|Taylor0452|452 Station Road|Birmingham|Handsworth|Birchfield|West Midlands|B1 1BB|john.taylor-0452@test.cgi.com|0121 9876543|07700 900004|PL-0452|EF99007|£500.00|
APP012||Preview Finance 0453 Ltd|||||453 High Street|Walsall|Darlaston|Walsall|West Midlands|WS1 1SY|preview-finance-0453@test.cgi.com|0207 1234567|07700 900001|PL-0453|SW99062|Benjamin Young|
APP031|Mr||James|Edward|Thomas|Hargreaves0454|454 Park Road|Birmingham|Handsworth|Birchfield|West Midlands|B1 1BB|james.hargreaves-0454@test.cgi.com|0121 9876543|07700 900002|PL-0454|EF99007|£500.00|
APP012||Preview Corporation 0455 Ltd|||||455 Market Road|Walsall|Darlaston|Walsall|West Midlands|WS1 1SY|preview-corporation-0455@test.cgi.com|0207 1234567|07700 900003|PL-0455|RE99001|Test Address 455|
APP031|Mr||John|Smith|Alexander|Taylor0456|456 Station Road|Birmingham|Handsworth|Birchfield|West Midlands|B1 1BB|john.taylor-0456@test.cgi.com|0121 9876543|07700 900004|PL-0456|EF99007|£500.00|
APP012||Preview Finance 0457 Ltd|||||457 High Street|Walsall|Darlaston|Walsall|West Midlands|WS1 1SY|preview-finance-0457@test.cgi.com|0207 1234567|07700 900001|PL-0457|SW99062|Benjamin Young|
APP031|Mr||James|Edward|Thomas|Hargreaves0458|458 Park Road|Birmingham|Handsworth|Birchfield|West Midlands|B1 1BB|james.hargreaves-0458@test.cgi.com|0121 9876543|07700 900002|PL-0458|EF99007|£500.00|
APP012||Preview Corporation 0459 Ltd|||||459 Market Road|Walsall|Darlaston|Walsall|West Midlands|WS1 1SY|preview-corporation-0459@test.cgi.com|0207 1234567|07700 900003|PL-0459|RE99001|Test Address 459|
APP031|Mr||John|Smith|Alexander|Taylor0460|460 Station Road|Birmingham|Handsworth|Birchfield|West Midlands|B1 1BB|john.taylor-0460@test.cgi.com|0121 9876543|07700 900004|PL-0460|EF99007|£500.00|
APP012||Preview Finance 0461 Ltd|||||461 High Street|Walsall|Darlaston|Walsall|West Midlands|WS1 1SY|preview-finance-0461@test.cgi.com|0207 1234567|07700 900001|PL-0461|SW99062|Benjamin Young|
APP031|Mr||James|Edward|Thomas|Hargreaves0462|462 Park Road|Birmingham|Handsworth|Birchfield|West Midlands|B1 1BB|james.hargreaves-0462@test.cgi.com|0121 9876543|07700 900002|PL-0462|EF99007|£500.00|
APP012||Preview Corporation 0463 Ltd|||||463 Market Road|Walsall|Darlaston|Walsall|West Midlands|WS1 1SY|preview-corporation-0463@test.cgi.com|0207 1234567|07700 900003|PL-0463|RE99001|Test Address 463|
APP031|Mr||John|Smith|Alexander|Taylor0464|464 Station Road|Birmingham|Handsworth|Birchfield|West Midlands|B1 1BB|john.taylor-0464@test.cgi.com|0121 9876543|07700 900004|PL-0464|EF99007|£500.00|
APP012||Preview Finance 0465 Ltd|||||465 High Street|Walsall|Darlaston|Walsall|West Midlands|WS1 1SY|preview-finance-0465@test.cgi.com|0207 1234567|07700 900001|PL-0465|SW99062|Benjamin Young|
APP031|Mr||James|Edward|Thomas|Hargreaves0466|466 Park Road|Birmingham|Handsworth|Birchfield|West Midlands|B1 1BB|james.hargreaves-0466@test.cgi.com|0121 9876543|07700 900002|PL-0466|EF99007|£500.00|
APP012||Preview Corporation 0467 Ltd|||||467 Market Road|Walsall|Darlaston|Walsall|West Midlands|WS1 1SY|preview-corporation-0467@test.cgi.com|0207 1234567|07700 900003|PL-0467|RE99001|Test Address 467|
APP031|Mr||John|Smith|Alexander|Taylor0468|468 Station Road|Birmingham|Handsworth|Birchfield|West Midlands|B1 1BB|john.taylor-0468@test.cgi.com|0121 9876543|07700 900004|PL-0468|EF99007|£500.00|
APP012||Preview Finance 0469 Ltd|||||469 High Street|Walsall|Darlaston|Walsall|West Midlands|WS1 1SY|preview-finance-0469@test.cgi.com|0207 1234567|07700 900001|PL-0469|SW99062|Benjamin Young|
APP031|Mr||James|Edward|Thomas|Hargreaves0470|470 Park Road|Birmingham|Handsworth|Birchfield|West Midlands|B1 1BB|james.hargreaves-0470@test.cgi.com|0121 9876543|07700 900002|PL-0470|EF99007|£500.00|
APP012||Preview Corporation 0471 Ltd|||||471 Market Road|Walsall|Darlaston|Walsall|West Midlands|WS1 1SY|preview-corporation-0471@test.cgi.com|0207 1234567|07700 900003|PL-0471|RE99001|Test Address 471|
APP031|Mr||John|Smith|Alexander|Taylor0472|472 Station Road|Birmingham|Handsworth|Birchfield|West Midlands|B1 1BB|john.taylor-0472@test.cgi.com|0121 9876543|07700 900004|PL-0472|EF99007|£500.00|
APP012||Preview Finance 0473 Ltd|||||473 High Street|Walsall|Darlaston|Walsall|West Midlands|WS1 1SY|preview-finance-0473@test.cgi.com|0207 1234567|07700 900001|PL-0473|SW99062|Benjamin Young|
APP031|Mr||James|Edward|Thomas|Hargreaves0474|474 Park Road|Birmingham|Handsworth|Birchfield|West Midlands|B1 1BB|james.hargreaves-0474@test.cgi.com|0121 9876543|07700 900002|PL-0474|EF99007|£500.00|
APP012||Preview Corporation 0475 Ltd|||||475 Market Road|Walsall|Darlaston|Walsall|West Midlands|WS1 1SY|preview-corporation-0475@test.cgi.com|0207 1234567|07700 900003|PL-0475|RE99001|Test Address 475|
APP031|Mr||John|Smith|Alexander|Taylor0476|476 Station Road|Birmingham|Handsworth|Birchfield|West Midlands|B1 1BB|john.taylor-0476@test.cgi.com|0121 9876543|07700 900004|PL-0476|EF99007|£500.00|
APP012||Preview Finance 0477 Ltd|||||477 High Street|Walsall|Darlaston|Walsall|West Midlands|WS1 1SY|preview-finance-0477@test.cgi.com|0207 1234567|07700 900001|PL-0477|SW99062|Benjamin Young|
APP031|Mr||James|Edward|Thomas|Hargreaves0478|478 Park Road|Birmingham|Handsworth|Birchfield|West Midlands|B1 1BB|james.hargreaves-0478@test.cgi.com|0121 9876543|07700 900002|PL-0478|EF99007|£500.00|
APP012||Preview Corporation 0479 Ltd|||||479 Market Road|Walsall|Darlaston|Walsall|West Midlands|WS1 1SY|preview-corporation-0479@test.cgi.com|0207 1234567|07700 900003|PL-0479|RE99001|Test Address 479|
APP031|Mr||John|Smith|Alexander|Taylor0480|480 Station Road|Birmingham|Handsworth|Birchfield|West Midlands|B1 1BB|john.taylor-0480@test.cgi.com|0121 9876543|07700 900004|PL-0480|EF99007|£500.00|
APP012||Preview Finance 0481 Ltd|||||481 High Street|Walsall|Darlaston|Walsall|West Midlands|WS1 1SY|preview-finance-0481@test.cgi.com|0207 1234567|07700 900001|PL-0481|SW99062|Benjamin Young|
APP031|Mr||James|Edward|Thomas|Hargreaves0482|482 Park Road|Birmingham|Handsworth|Birchfield|West Midlands|B1 1BB|james.hargreaves-0482@test.cgi.com|0121 9876543|07700 900002|PL-0482|EF99007|£500.00|
APP012||Preview Corporation 0483 Ltd|||||483 Market Road|Walsall|Darlaston|Walsall|West Midlands|WS1 1SY|preview-corporation-0483@test.cgi.com|0207 1234567|07700 900003|PL-0483|RE99001|Test Address 483|
APP031|Mr||John|Smith|Alexander|Taylor0484|484 Station Road|Birmingham|Handsworth|Birchfield|West Midlands|B1 1BB|john.taylor-0484@test.cgi.com|0121 9876543|07700 900004|PL-0484|EF99007|£500.00|
APP012||Preview Finance 0485 Ltd|||||485 High Street|Walsall|Darlaston|Walsall|West Midlands|WS1 1SY|preview-finance-0485@test.cgi.com|0207 1234567|07700 900001|PL-0485|SW99062|Benjamin Young|
APP031|Mr||James|Edward|Thomas|Hargreaves0486|486 Park Road|Birmingham|Handsworth|Birchfield|West Midlands|B1 1BB|james.hargreaves-0486@test.cgi.com|0121 9876543|07700 900002|PL-0486|EF99007|£500.00|
APP012||Preview Corporation 0487 Ltd|||||487 Market Road|Walsall|Darlaston|Walsall|West Midlands|WS1 1SY|preview-corporation-0487@test.cgi.com|0207 1234567|07700 900003|PL-0487|RE99001|Test Address 487|
APP031|Mr||John|Smith|Alexander|Taylor0488|488 Station Road|Birmingham|Handsworth|Birchfield|West Midlands|B1 1BB|john.taylor-0488@test.cgi.com|0121 9876543|07700 900004|PL-0488|EF99007|£500.00|
APP012||Preview Finance 0489 Ltd|||||489 High Street|Walsall|Darlaston|Walsall|West Midlands|WS1 1SY|preview-finance-0489@test.cgi.com|0207 1234567|07700 900001|PL-0489|SW99062|Benjamin Young|
APP031|Mr||James|Edward|Thomas|Hargreaves0490|490 Park Road|Birmingham|Handsworth|Birchfield|West Midlands|B1 1BB|james.hargreaves-0490@test.cgi.com|0121 9876543|07700 900002|PL-0490|EF99007|£500.00|
APP012||Preview Corporation 0491 Ltd|||||491 Market Road|Walsall|Darlaston|Walsall|West Midlands|WS1 1SY|preview-corporation-0491@test.cgi.com|0207 1234567|07700 900003|PL-0491|RE99001|Test Address 491|
APP031|Mr||John|Smith|Alexander|Taylor0492|492 Station Road|Birmingham|Handsworth|Birchfield|West Midlands|B1 1BB|john.taylor-0492@test.cgi.com|0121 9876543|07700 900004|PL-0492|EF99007|£500.00|
APP012||Preview Finance 0493 Ltd|||||493 High Street|Walsall|Darlaston|Walsall|West Midlands|WS1 1SY|preview-finance-0493@test.cgi.com|0207 1234567|07700 900001|PL-0493|SW99062|Benjamin Young|
APP031|Mr||James|Edward|Thomas|Hargreaves0494|494 Park Road|Birmingham|Handsworth|Birchfield|West Midlands|B1 1BB|james.hargreaves-0494@test.cgi.com|0121 9876543|07700 900002|PL-0494|EF99007|£500.00|
APP012||Preview Corporation 0495 Ltd|||||495 Market Road|Walsall|Darlaston|Walsall|West Midlands|WS1 1SY|preview-corporation-0495@test.cgi.com|0207 1234567|07700 900003|PL-0495|RE99001|Test Address 495|
APP031|Mr||John|Smith|Alexander|Taylor0496|496 Station Road|Birmingham|Handsworth|Birchfield|West Midlands|B1 1BB|john.taylor-0496@test.cgi.com|0121 9876543|07700 900004|PL-0496|EF99007|£500.00|
APP012||Preview Finance 0497 Ltd|||||497 High Street|Walsall|Darlaston|Walsall|West Midlands|WS1 1SY|preview-finance-0497@test.cgi.com|0207 1234567|07700 900001|PL-0497|SW99062|Benjamin Young|
APP031|Mr||James|Edward|Thomas|Hargreaves0498|498 Park Road|Birmingham|Handsworth|Birchfield|West Midlands|B1 1BB|james.hargreaves-0498@test.cgi.com|0121 9876543|07700 900002|PL-0498|EF99007|£500.00|
APP012||Preview Corporation 0499 Ltd|||||499 Market Road|Walsall|Darlaston|Walsall|West Midlands|WS1 1SY|preview-corporation-0499@test.cgi.com|0207 1234567|07700 900003|PL-0499|RE99001|Test Address 499|
APP031|Mr||John|Smith|Alexander|Taylor0500|500 Station Road|Birmingham|Handsworth|Birchfield|West Midlands|B1 1BB|john.taylor-0500@test.cgi.com|0121 9876543|07700 900004|PL-0500|EF99007|£500.00|
APP012||Preview Finance 0501 Ltd|||||501 High Street|Walsall|Darlaston|Walsall|West Midlands|WS1 1SY|preview-finance-0501@test.cgi.com|0207 1234567|07700 900001|PL-0501|SW99062|Benjamin Young|
APP031|Mr||James|Edward|Thomas|Hargreaves0502|502 Park Road|Birmingham|Handsworth|Birchfield|West Midlands|B1 1BB|james.hargreaves-0502@test.cgi.com|0121 9876543|07700 900002|PL-0502|EF99007|£500.00|
APP012||Preview Corporation 0503 Ltd|||||503 Market Road|Walsall|Darlaston|Walsall|West Midlands|WS1 1SY|preview-corporation-0503@test.cgi.com|0207 1234567|07700 900003|PL-0503|RE99001|Test Address 503|
APP031|Mr||John|Smith|Alexander|Taylor0504|504 Station Road|Birmingham|Handsworth|Birchfield|West Midlands|B1 1BB|john.taylor-0504@test.cgi.com|0121 9876543|07700 900004|PL-0504|EF99007|£500.00|
APP012||Preview Finance 0505 Ltd|||||505 High Street|Walsall|Darlaston|Walsall|West Midlands|WS1 1SY|preview-finance-0505@test.cgi.com|0207 1234567|07700 900001|PL-0505|SW99062|Benjamin Young|
APP031|Mr||James|Edward|Thomas|Hargreaves0506|506 Park Road|Birmingham|Handsworth|Birchfield|West Midlands|B1 1BB|james.hargreaves-0506@test.cgi.com|0121 9876543|07700 900002|PL-0506|EF99007|£500.00|
APP012||Preview Corporation 0507 Ltd|||||507 Market Road|Walsall|Darlaston|Walsall|West Midlands|WS1 1SY|preview-corporation-0507@test.cgi.com|0207 1234567|07700 900003|PL-0507|RE99001|Test Address 507|
APP031|Mr||John|Smith|Alexander|Taylor0508|508 Station Road|Birmingham|Handsworth|Birchfield|West Midlands|B1 1BB|john.taylor-0508@test.cgi.com|0121 9876543|07700 900004|PL-0508|EF99007|£500.00|
APP012||Preview Finance 0509 Ltd|||||509 High Street|Walsall|Darlaston|Walsall|West Midlands|WS1 1SY|preview-finance-0509@test.cgi.com|0207 1234567|07700 900001|PL-0509|SW99062|Benjamin Young|
APP031|Mr||James|Edward|Thomas|Hargreaves0510|510 Park Road|Birmingham|Handsworth|Birchfield|West Midlands|B1 1BB|james.hargreaves-0510@test.cgi.com|0121 9876543|07700 900002|PL-0510|EF99007|£500.00|
APP012||Preview Corporation 0511 Ltd|||||511 Market Road|Walsall|Darlaston|Walsall|West Midlands|WS1 1SY|preview-corporation-0511@test.cgi.com|0207 1234567|07700 900003|PL-0511|RE99001|Test Address 511|
APP031|Mr||John|Smith|Alexander|Taylor0512|512 Station Road|Birmingham|Handsworth|Birchfield|West Midlands|B1 1BB|john.taylor-0512@test.cgi.com|0121 9876543|07700 900004|PL-0512|EF99007|£500.00|
APP012||Preview Finance 0513 Ltd|||||513 High Street|Walsall|Darlaston|Walsall|West Midlands|WS1 1SY|preview-finance-0513@test.cgi.com|0207 1234567|07700 900001|PL-0513|SW99062|Benjamin Young|
APP031|Mr||James|Edward|Thomas|Hargreaves0514|514 Park Road|Birmingham|Handsworth|Birchfield|West Midlands|B1 1BB|james.hargreaves-0514@test.cgi.com|0121 9876543|07700 900002|PL-0514|EF99007|£500.00|
APP012||Preview Corporation 0515 Ltd|||||515 Market Road|Walsall|Darlaston|Walsall|West Midlands|WS1 1SY|preview-corporation-0515@test.cgi.com|0207 1234567|07700 900003|PL-0515|RE99001|Test Address 515|
APP031|Mr||John|Smith|Alexander|Taylor0516|516 Station Road|Birmingham|Handsworth|Birchfield|West Midlands|B1 1BB|john.taylor-0516@test.cgi.com|0121 9876543|07700 900004|PL-0516|EF99007|£500.00|
APP012||Preview Finance 0517 Ltd|||||517 High Street|Walsall|Darlaston|Walsall|West Midlands|WS1 1SY|preview-finance-0517@test.cgi.com|0207 1234567|07700 900001|PL-0517|SW99062|Benjamin Young|
APP031|Mr||James|Edward|Thomas|Hargreaves0518|518 Park Road|Birmingham|Handsworth|Birchfield|West Midlands|B1 1BB|james.hargreaves-0518@test.cgi.com|0121 9876543|07700 900002|PL-0518|EF99007|£500.00|
APP012||Preview Corporation 0519 Ltd|||||519 Market Road|Walsall|Darlaston|Walsall|West Midlands|WS1 1SY|preview-corporation-0519@test.cgi.com|0207 1234567|07700 900003|PL-0519|RE99001|Test Address 519|
APP031|Mr||John|Smith|Alexander|Taylor0520|520 Station Road|Birmingham|Handsworth|Birchfield|West Midlands|B1 1BB|john.taylor-0520@test.cgi.com|0121 9876543|07700 900004|PL-0520|EF99007|£500.00|
APP012||Preview Finance 0521 Ltd|||||521 High Street|Walsall|Darlaston|Walsall|West Midlands|WS1 1SY|preview-finance-0521@test.cgi.com|0207 1234567|07700 900001|PL-0521|SW99062|Benjamin Young|
APP031|Mr||James|Edward|Thomas|Hargreaves0522|522 Park Road|Birmingham|Handsworth|Birchfield|West Midlands|B1 1BB|james.hargreaves-0522@test.cgi.com|0121 9876543|07700 900002|PL-0522|EF99007|£500.00|
APP012||Preview Corporation 0523 Ltd|||||523 Market Road|Walsall|Darlaston|Walsall|West Midlands|WS1 1SY|preview-corporation-0523@test.cgi.com|0207 1234567|07700 900003|PL-0523|RE99001|Test Address 523|
APP031|Mr||John|Smith|Alexander|Taylor0524|524 Station Road|Birmingham|Handsworth|Birchfield|West Midlands|B1 1BB|john.taylor-0524@test.cgi.com|0121 9876543|07700 900004|PL-0524|EF99007|£500.00|
APP012||Preview Finance 0525 Ltd|||||525 High Street|Walsall|Darlaston|Walsall|West Midlands|WS1 1SY|preview-finance-0525@test.cgi.com|0207 1234567|07700 900001|PL-0525|SW99062|Benjamin Young|
APP031|Mr||James|Edward|Thomas|Hargreaves0526|526 Park Road|Birmingham|Handsworth|Birchfield|West Midlands|B1 1BB|james.hargreaves-0526@test.cgi.com|0121 9876543|07700 900002|PL-0526|EF99007|£500.00|
APP012||Preview Corporation 0527 Ltd|||||527 Market Road|Walsall|Darlaston|Walsall|West Midlands|WS1 1SY|preview-corporation-0527@test.cgi.com|0207 1234567|07700 900003|PL-0527|RE99001|Test Address 527|
APP031|Mr||John|Smith|Alexander|Taylor0528|528 Station Road|Birmingham|Handsworth|Birchfield|West Midlands|B1 1BB|john.taylor-0528@test.cgi.com|0121 9876543|07700 900004|PL-0528|EF99007|£500.00|
APP012||Preview Finance 0529 Ltd|||||529 High Street|Walsall|Darlaston|Walsall|West Midlands|WS1 1SY|preview-finance-0529@test.cgi.com|0207 1234567|07700 900001|PL-0529|SW99062|Benjamin Young|
APP031|Mr||James|Edward|Thomas|Hargreaves0530|530 Park Road|Birmingham|Handsworth|Birchfield|West Midlands|B1 1BB|james.hargreaves-0530@test.cgi.com|0121 9876543|07700 900002|PL-0530|EF99007|£500.00|
APP012||Preview Corporation 0531 Ltd|||||531 Market Road|Walsall|Darlaston|Walsall|West Midlands|WS1 1SY|preview-corporation-0531@test.cgi.com|0207 1234567|07700 900003|PL-0531|RE99001|Test Address 531|
APP031|Mr||John|Smith|Alexander|Taylor0532|532 Station Road|Birmingham|Handsworth|Birchfield|West Midlands|B1 1BB|john.taylor-0532@test.cgi.com|0121 9876543|07700 900004|PL-0532|EF99007|£500.00|
APP012||Preview Finance 0533 Ltd|||||533 High Street|Walsall|Darlaston|Walsall|West Midlands|WS1 1SY|preview-finance-0533@test.cgi.com|0207 1234567|07700 900001|PL-0533|SW99062|Benjamin Young|
APP031|Mr||James|Edward|Thomas|Hargreaves0534|534 Park Road|Birmingham|Handsworth|Birchfield|West Midlands|B1 1BB|james.hargreaves-0534@test.cgi.com|0121 9876543|07700 900002|PL-0534|EF99007|£500.00|
APP012||Preview Corporation 0535 Ltd|||||535 Market Road|Walsall|Darlaston|Walsall|West Midlands|WS1 1SY|preview-corporation-0535@test.cgi.com|0207 1234567|07700 900003|PL-0535|RE99001|Test Address 535|
APP031|Mr||John|Smith|Alexander|Taylor0536|536 Station Road|Birmingham|Handsworth|Birchfield|West Midlands|B1 1BB|john.taylor-0536@test.cgi.com|0121 9876543|07700 900004|PL-0536|EF99007|£500.00|
APP012||Preview Finance 0537 Ltd|||||537 High Street|Walsall|Darlaston|Walsall|West Midlands|WS1 1SY|preview-finance-0537@test.cgi.com|0207 1234567|07700 900001|PL-0537|SW99062|Benjamin Young|
APP031|Mr||James|Edward|Thomas|Hargreaves0538|538 Park Road|Birmingham|Handsworth|Birchfield|West Midlands|B1 1BB|james.hargreaves-0538@test.cgi.com|0121 9876543|07700 900002|PL-0538|EF99007|£500.00|
APP012||Preview Corporation 0539 Ltd|||||539 Market Road|Walsall|Darlaston|Walsall|West Midlands|WS1 1SY|preview-corporation-0539@test.cgi.com|0207 1234567|07700 900003|PL-0539|RE99001|Test Address 539|
APP031|Mr||John|Smith|Alexander|Taylor0540|540 Station Road|Birmingham|Handsworth|Birchfield|West Midlands|B1 1BB|john.taylor-0540@test.cgi.com|0121 9876543|07700 900004|PL-0540|EF99007|£500.00|
APP012||Preview Finance 0541 Ltd|||||541 High Street|Walsall|Darlaston|Walsall|West Midlands|WS1 1SY|preview-finance-0541@test.cgi.com|0207 1234567|07700 900001|PL-0541|SW99062|Benjamin Young|
APP031|Mr||James|Edward|Thomas|Hargreaves0542|542 Park Road|Birmingham|Handsworth|Birchfield|West Midlands|B1 1BB|james.hargreaves-0542@test.cgi.com|0121 9876543|07700 900002|PL-0542|EF99007|£500.00|
APP012||Preview Corporation 0543 Ltd|||||543 Market Road|Walsall|Darlaston|Walsall|West Midlands|WS1 1SY|preview-corporation-0543@test.cgi.com|0207 1234567|07700 900003|PL-0543|RE99001|Test Address 543|
APP031|Mr||John|Smith|Alexander|Taylor0544|544 Station Road|Birmingham|Handsworth|Birchfield|West Midlands|B1 1BB|john.taylor-0544@test.cgi.com|0121 9876543|07700 900004|PL-0544|EF99007|£500.00|
APP012||Preview Finance 0545 Ltd|||||545 High Street|Walsall|Darlaston|Walsall|West Midlands|WS1 1SY|preview-finance-0545@test.cgi.com|0207 1234567|07700 900001|PL-0545|SW99062|Benjamin Young|
APP031|Mr||James|Edward|Thomas|Hargreaves0546|546 Park Road|Birmingham|Handsworth|Birchfield|West Midlands|B1 1BB|james.hargreaves-0546@test.cgi.com|0121 9876543|07700 900002|PL-0546|EF99007|£500.00|
APP012||Preview Corporation 0547 Ltd|||||547 Market Road|Walsall|Darlaston|Walsall|West Midlands|WS1 1SY|preview-corporation-0547@test.cgi.com|0207 1234567|07700 900003|PL-0547|RE99001|Test Address 547|
APP031|Mr||John|Smith|Alexander|Taylor0548|548 Station Road|Birmingham|Handsworth|Birchfield|West Midlands|B1 1BB|john.taylor-0548@test.cgi.com|0121 9876543|07700 900004|PL-0548|EF99007|£500.00|
APP012||Preview Finance 0549 Ltd|||||549 High Street|Walsall|Darlaston|Walsall|West Midlands|WS1 1SY|preview-finance-0549@test.cgi.com|0207 1234567|07700 900001|PL-0549|SW99062|Benjamin Young|
APP031|Mr||James|Edward|Thomas|Hargreaves0550|550 Park Road|Birmingham|Handsworth|Birchfield|West Midlands|B1 1BB|james.hargreaves-0550@test.cgi.com|0121 9876543|07700 900002|PL-0550|EF99007|£500.00|
APP012||Preview Corporation 0551 Ltd|||||551 Market Road|Walsall|Darlaston|Walsall|West Midlands|WS1 1SY|preview-corporation-0551@test.cgi.com|0207 1234567|07700 900003|PL-0551|RE99001|Test Address 551|
APP031|Mr||John|Smith|Alexander|Taylor0552|552 Station Road|Birmingham|Handsworth|Birchfield|West Midlands|B1 1BB|john.taylor-0552@test.cgi.com|0121 9876543|07700 900004|PL-0552|EF99007|£500.00|
APP012||Preview Finance 0553 Ltd|||||553 High Street|Walsall|Darlaston|Walsall|West Midlands|WS1 1SY|preview-finance-0553@test.cgi.com|0207 1234567|07700 900001|PL-0553|SW99062|Benjamin Young|
APP031|Mr||James|Edward|Thomas|Hargreaves0554|554 Park Road|Birmingham|Handsworth|Birchfield|West Midlands|B1 1BB|james.hargreaves-0554@test.cgi.com|0121 9876543|07700 900002|PL-0554|EF99007|£500.00|
APP012||Preview Corporation 0555 Ltd|||||555 Market Road|Walsall|Darlaston|Walsall|West Midlands|WS1 1SY|preview-corporation-0555@test.cgi.com|0207 1234567|07700 900003|PL-0555|RE99001|Test Address 555|
APP031|Mr||John|Smith|Alexander|Taylor0556|556 Station Road|Birmingham|Handsworth|Birchfield|West Midlands|B1 1BB|john.taylor-0556@test.cgi.com|0121 9876543|07700 900004|PL-0556|EF99007|£500.00|
APP012||Preview Finance 0557 Ltd|||||557 High Street|Walsall|Darlaston|Walsall|West Midlands|WS1 1SY|preview-finance-0557@test.cgi.com|0207 1234567|07700 900001|PL-0557|SW99062|Benjamin Young|
APP031|Mr||James|Edward|Thomas|Hargreaves0558|558 Park Road|Birmingham|Handsworth|Birchfield|West Midlands|B1 1BB|james.hargreaves-0558@test.cgi.com|0121 9876543|07700 900002|PL-0558|EF99007|£500.00|
APP012||Preview Corporation 0559 Ltd|||||559 Market Road|Walsall|Darlaston|Walsall|West Midlands|WS1 1SY|preview-corporation-0559@test.cgi.com|0207 1234567|07700 900003|PL-0559|RE99001|Test Address 559|
APP031|Mr||John|Smith|Alexander|Taylor0560|560 Station Road|Birmingham|Handsworth|Birchfield|West Midlands|B1 1BB|john.taylor-0560@test.cgi.com|0121 9876543|07700 900004|PL-0560|EF99007|£500.00|
APP012||Preview Finance 0561 Ltd|||||561 High Street|Walsall|Darlaston|Walsall|West Midlands|WS1 1SY|preview-finance-0561@test.cgi.com|0207 1234567|07700 900001|PL-0561|SW99062|Benjamin Young|
APP031|Mr||James|Edward|Thomas|Hargreaves0562|562 Park Road|Birmingham|Handsworth|Birchfield|West Midlands|B1 1BB|james.hargreaves-0562@test.cgi.com|0121 9876543|07700 900002|PL-0562|EF99007|£500.00|
APP012||Preview Corporation 0563 Ltd|||||563 Market Road|Walsall|Darlaston|Walsall|West Midlands|WS1 1SY|preview-corporation-0563@test.cgi.com|0207 1234567|07700 900003|PL-0563|RE99001|Test Address 563|
APP031|Mr||John|Smith|Alexander|Taylor0564|564 Station Road|Birmingham|Handsworth|Birchfield|West Midlands|B1 1BB|john.taylor-0564@test.cgi.com|0121 9876543|07700 900004|PL-0564|EF99007|£500.00|
APP012||Preview Finance 0565 Ltd|||||565 High Street|Walsall|Darlaston|Walsall|West Midlands|WS1 1SY|preview-finance-0565@test.cgi.com|0207 1234567|07700 900001|PL-0565|SW99062|Benjamin Young|
APP031|Mr||James|Edward|Thomas|Hargreaves0566|566 Park Road|Birmingham|Handsworth|Birchfield|West Midlands|B1 1BB|james.hargreaves-0566@test.cgi.com|0121 9876543|07700 900002|PL-0566|EF99007|£500.00|
APP012||Preview Corporation 0567 Ltd|||||567 Market Road|Walsall|Darlaston|Walsall|West Midlands|WS1 1SY|preview-corporation-0567@test.cgi.com|0207 1234567|07700 900003|PL-0567|RE99001|Test Address 567|
APP031|Mr||John|Smith|Alexander|Taylor0568|568 Station Road|Birmingham|Handsworth|Birchfield|West Midlands|B1 1BB|john.taylor-0568@test.cgi.com|0121 9876543|07700 900004|PL-0568|EF99007|£500.00|
APP012||Preview Finance 0569 Ltd|||||569 High Street|Walsall|Darlaston|Walsall|West Midlands|WS1 1SY|preview-finance-0569@test.cgi.com|0207 1234567|07700 900001|PL-0569|SW99062|Benjamin Young|
APP031|Mr||James|Edward|Thomas|Hargreaves0570|570 Park Road|Birmingham|Handsworth|Birchfield|West Midlands|B1 1BB|james.hargreaves-0570@test.cgi.com|0121 9876543|07700 900002|PL-0570|EF99007|£500.00|
APP012||Preview Corporation 0571 Ltd|||||571 Market Road|Walsall|Darlaston|Walsall|West Midlands|WS1 1SY|preview-corporation-0571@test.cgi.com|0207 1234567|07700 900003|PL-0571|RE99001|Test Address 571|
APP031|Mr||John|Smith|Alexander|Taylor0572|572 Station Road|Birmingham|Handsworth|Birchfield|West Midlands|B1 1BB|john.taylor-0572@test.cgi.com|0121 9876543|07700 900004|PL-0572|EF99007|£500.00|
APP012||Preview Finance 0573 Ltd|||||573 High Street|Walsall|Darlaston|Walsall|West Midlands|WS1 1SY|preview-finance-0573@test.cgi.com|0207 1234567|07700 900001|PL-0573|SW99062|Benjamin Young|
APP031|Mr||James|Edward|Thomas|Hargreaves0574|574 Park Road|Birmingham|Handsworth|Birchfield|West Midlands|B1 1BB|james.hargreaves-0574@test.cgi.com|0121 9876543|07700 900002|PL-0574|EF99007|£500.00|
APP012||Preview Corporation 0575 Ltd|||||575 Market Road|Walsall|Darlaston|Walsall|West Midlands|WS1 1SY|preview-corporation-0575@test.cgi.com|0207 1234567|07700 900003|PL-0575|RE99001|Test Address 575|
APP031|Mr||John|Smith|Alexander|Taylor0576|576 Station Road|Birmingham|Handsworth|Birchfield|West Midlands|B1 1BB|john.taylor-0576@test.cgi.com|0121 9876543|07700 900004|PL-0576|EF99007|£500.00|
APP012||Preview Finance 0577 Ltd|||||577 High Street|Walsall|Darlaston|Walsall|West Midlands|WS1 1SY|preview-finance-0577@test.cgi.com|0207 1234567|07700 900001|PL-0577|SW99062|Benjamin Young|
APP031|Mr||James|Edward|Thomas|Hargreaves0578|578 Park Road|Birmingham|Handsworth|Birchfield|West Midlands|B1 1BB|james.hargreaves-0578@test.cgi.com|0121 9876543|07700 900002|PL-0578|EF99007|£500.00|
APP012||Preview Corporation 0579 Ltd|||||579 Market Road|Walsall|Darlaston|Walsall|West Midlands|WS1 1SY|preview-corporation-0579@test.cgi.com|0207 1234567|07700 900003|PL-0579|RE99001|Test Address 579|
APP031|Mr||John|Smith|Alexander|Taylor0580|580 Station Road|Birmingham|Handsworth|Birchfield|West Midlands|B1 1BB|john.taylor-0580@test.cgi.com|0121 9876543|07700 900004|PL-0580|EF99007|£500.00|
APP012||Preview Finance 0581 Ltd|||||581 High Street|Walsall|Darlaston|Walsall|West Midlands|WS1 1SY|preview-finance-0581@test.cgi.com|0207 1234567|07700 900001|PL-0581|SW99062|Benjamin Young|
APP031|Mr||James|Edward|Thomas|Hargreaves0582|582 Park Road|Birmingham|Handsworth|Birchfield|West Midlands|B1 1BB|james.hargreaves-0582@test.cgi.com|0121 9876543|07700 900002|PL-0582|EF99007|£500.00|
APP012||Preview Corporation 0583 Ltd|||||583 Market Road|Walsall|Darlaston|Walsall|West Midlands|WS1 1SY|preview-corporation-0583@test.cgi.com|0207 1234567|07700 900003|PL-0583|RE99001|Test Address 583|
APP031|Mr||John|Smith|Alexander|Taylor0584|584 Station Road|Birmingham|Handsworth|Birchfield|West Midlands|B1 1BB|john.taylor-0584@test.cgi.com|0121 9876543|07700 900004|PL-0584|EF99007|£500.00|
APP012||Preview Finance 0585 Ltd|||||585 High Street|Walsall|Darlaston|Walsall|West Midlands|WS1 1SY|preview-finance-0585@test.cgi.com|0207 1234567|07700 900001|PL-0585|SW99062|Benjamin Young|
APP031|Mr||James|Edward|Thomas|Hargreaves0586|586 Park Road|Birmingham|Handsworth|Birchfield|West Midlands|B1 1BB|james.hargreaves-0586@test.cgi.com|0121 9876543|07700 900002|PL-0586|EF99007|£500.00|
APP012||Preview Corporation 0587 Ltd|||||587 Market Road|Walsall|Darlaston|Walsall|West Midlands|WS1 1SY|preview-corporation-0587@test.cgi.com|0207 1234567|07700 900003|PL-0587|RE99001|Test Address 587|
APP031|Mr||John|Smith|Alexander|Taylor0588|588 Station Road|Birmingham|Handsworth|Birchfield|West Midlands|B1 1BB|john.taylor-0588@test.cgi.com|0121 9876543|07700 900004|PL-0588|EF99007|£500.00|
APP012||Preview Finance 0589 Ltd|||||589 High Street|Walsall|Darlaston|Walsall|West Midlands|WS1 1SY|preview-finance-0589@test.cgi.com|0207 1234567|07700 900001|PL-0589|SW99062|Benjamin Young|
APP031|Mr||James|Edward|Thomas|Hargreaves0590|590 Park Road|Birmingham|Handsworth|Birchfield|West Midlands|B1 1BB|james.hargreaves-0590@test.cgi.com|0121 9876543|07700 900002|PL-0590|EF99007|£500.00|
APP012||Preview Corporation 0591 Ltd|||||591 Market Road|Walsall|Darlaston|Walsall|West Midlands|WS1 1SY|preview-corporation-0591@test.cgi.com|0207 1234567|07700 900003|PL-0591|RE99001|Test Address 591|
APP031|Mr||John|Smith|Alexander|Taylor0592|592 Station Road|Birmingham|Handsworth|Birchfield|West Midlands|B1 1BB|john.taylor-0592@test.cgi.com|0121 9876543|07700 900004|PL-0592|EF99007|£500.00|
APP012||Preview Finance 0593 Ltd|||||593 High Street|Walsall|Darlaston|Walsall|West Midlands|WS1 1SY|preview-finance-0593@test.cgi.com|0207 1234567|07700 900001|PL-0593|SW99062|Benjamin Young|
APP031|Mr||James|Edward|Thomas|Hargreaves0594|594 Park Road|Birmingham|Handsworth|Birchfield|West Midlands|B1 1BB|james.hargreaves-0594@test.cgi.com|0121 9876543|07700 900002|PL-0594|EF99007|£500.00|
APP012||Preview Corporation 0595 Ltd|||||595 Market Road|Walsall|Darlaston|Walsall|West Midlands|WS1 1SY|preview-corporation-0595@test.cgi.com|0207 1234567|07700 900003|PL-0595|RE99001|Test Address 595|
APP031|Mr||John|Smith|Alexander|Taylor0596|596 Station Road|Birmingham|Handsworth|Birchfield|West Midlands|B1 1BB|john.taylor-0596@test.cgi.com|0121 9876543|07700 900004|PL-0596|EF99007|£500.00|
APP012||Preview Finance 0597 Ltd|||||597 High Street|Walsall|Darlaston|Walsall|West Midlands|WS1 1SY|preview-finance-0597@test.cgi.com|0207 1234567|07700 900001|PL-0597|SW99062|Benjamin Young|
APP031|Mr||James|Edward|Thomas|Hargreaves0598|598 Park Road|Birmingham|Handsworth|Birchfield|West Midlands|B1 1BB|james.hargreaves-0598@test.cgi.com|0121 9876543|07700 900002|PL-0598|EF99007|£500.00|
APP012||Preview Corporation 0599 Ltd|||||599 Market Road|Walsall|Darlaston|Walsall|West Midlands|WS1 1SY|preview-corporation-0599@test.cgi.com|0207 1234567|07700 900003|PL-0599|RE99001|Test Address 599|
APP031|Mr||John|Smith|Alexander|Taylor0600|600 Station Road|Birmingham|Handsworth|Birchfield|West Midlands|B1 1BB|john.taylor-0600@test.cgi.com|0121 9876543|07700 900004|PL-0600|EF99007|£500.00|
APP012||Preview Finance 0601 Ltd|||||601 High Street|Walsall|Darlaston|Walsall|West Midlands|WS1 1SY|preview-finance-0601@test.cgi.com|0207 1234567|07700 900001|PL-0601|SW99062|Benjamin Young|
APP031|Mr||James|Edward|Thomas|Hargreaves0602|602 Park Road|Birmingham|Handsworth|Birchfield|West Midlands|B1 1BB|james.hargreaves-0602@test.cgi.com|0121 9876543|07700 900002|PL-0602|EF99007|£500.00|
APP012||Preview Corporation 0603 Ltd|||||603 Market Road|Walsall|Darlaston|Walsall|West Midlands|WS1 1SY|preview-corporation-0603@test.cgi.com|0207 1234567|07700 900003|PL-0603|RE99001|Test Address 603|
APP031|Mr||John|Smith|Alexander|Taylor0604|604 Station Road|Birmingham|Handsworth|Birchfield|West Midlands|B1 1BB|john.taylor-0604@test.cgi.com|0121 9876543|07700 900004|PL-0604|EF99007|£500.00|
APP012||Preview Finance 0605 Ltd|||||605 High Street|Walsall|Darlaston|Walsall|West Midlands|WS1 1SY|preview-finance-0605@test.cgi.com|0207 1234567|07700 900001|PL-0605|SW99062|Benjamin Young|
APP031|Mr||James|Edward|Thomas|Hargreaves0606|606 Park Road|Birmingham|Handsworth|Birchfield|West Midlands|B1 1BB|james.hargreaves-0606@test.cgi.com|0121 9876543|07700 900002|PL-0606|EF99007|£500.00|
APP012||Preview Corporation 0607 Ltd|||||607 Market Road|Walsall|Darlaston|Walsall|West Midlands|WS1 1SY|preview-corporation-0607@test.cgi.com|0207 1234567|07700 900003|PL-0607|RE99001|Test Address 607|
APP031|Mr||John|Smith|Alexander|Taylor0608|608 Station Road|Birmingham|Handsworth|Birchfield|West Midlands|B1 1BB|john.taylor-0608@test.cgi.com|0121 9876543|07700 900004|PL-0608|EF99007|£500.00|
APP012||Preview Finance 0609 Ltd|||||609 High Street|Walsall|Darlaston|Walsall|West Midlands|WS1 1SY|preview-finance-0609@test.cgi.com|0207 1234567|07700 900001|PL-0609|SW99062|Benjamin Young|
APP031|Mr||James|Edward|Thomas|Hargreaves0610|610 Park Road|Birmingham|Handsworth|Birchfield|West Midlands|B1 1BB|james.hargreaves-0610@test.cgi.com|0121 9876543|07700 900002|PL-0610|EF99007|£500.00|
APP012||Preview Corporation 0611 Ltd|||||611 Market Road|Walsall|Darlaston|Walsall|West Midlands|WS1 1SY|preview-corporation-0611@test.cgi.com|0207 1234567|07700 900003|PL-0611|RE99001|Test Address 611|
APP031|Mr||John|Smith|Alexander|Taylor0612|612 Station Road|Birmingham|Handsworth|Birchfield|West Midlands|B1 1BB|john.taylor-0612@test.cgi.com|0121 9876543|07700 900004|PL-0612|EF99007|£500.00|
APP012||Preview Finance 0613 Ltd|||||613 High Street|Walsall|Darlaston|Walsall|West Midlands|WS1 1SY|preview-finance-0613@test.cgi.com|0207 1234567|07700 900001|PL-0613|SW99062|Benjamin Young|
APP031|Mr||James|Edward|Thomas|Hargreaves0614|614 Park Road|Birmingham|Handsworth|Birchfield|West Midlands|B1 1BB|james.hargreaves-0614@test.cgi.com|0121 9876543|07700 900002|PL-0614|EF99007|£500.00|
APP012||Preview Corporation 0615 Ltd|||||615 Market Road|Walsall|Darlaston|Walsall|West Midlands|WS1 1SY|preview-corporation-0615@test.cgi.com|0207 1234567|07700 900003|PL-0615|RE99001|Test Address 615|
APP031|Mr||John|Smith|Alexander|Taylor0616|616 Station Road|Birmingham|Handsworth|Birchfield|West Midlands|B1 1BB|john.taylor-0616@test.cgi.com|0121 9876543|07700 900004|PL-0616|EF99007|£500.00|
APP012||Preview Finance 0617 Ltd|||||617 High Street|Walsall|Darlaston|Walsall|West Midlands|WS1 1SY|preview-finance-0617@test.cgi.com|0207 1234567|07700 900001|PL-0617|SW99062|Benjamin Young|
APP031|Mr||James|Edward|Thomas|Hargreaves0618|618 Park Road|Birmingham|Handsworth|Birchfield|West Midlands|B1 1BB|james.hargreaves-0618@test.cgi.com|0121 9876543|07700 900002|PL-0618|EF99007|£500.00|
APP012||Preview Corporation 0619 Ltd|||||619 Market Road|Walsall|Darlaston|Walsall|West Midlands|WS1 1SY|preview-corporation-0619@test.cgi.com|0207 1234567|07700 900003|PL-0619|RE99001|Test Address 619|
APP031|Mr||John|Smith|Alexander|Taylor0620|620 Station Road|Birmingham|Handsworth|Birchfield|West Midlands|B1 1BB|john.taylor-0620@test.cgi.com|0121 9876543|07700 900004|PL-0620|EF99007|£500.00|
APP012||Preview Finance 0621 Ltd|||||621 High Street|Walsall|Darlaston|Walsall|West Midlands|WS1 1SY|preview-finance-0621@test.cgi.com|0207 1234567|07700 900001|PL-0621|SW99062|Benjamin Young|
APP031|Mr||James|Edward|Thomas|Hargreaves0622|622 Park Road|Birmingham|Handsworth|Birchfield|West Midlands|B1 1BB|james.hargreaves-0622@test.cgi.com|0121 9876543|07700 900002|PL-0622|EF99007|£500.00|
APP012||Preview Corporation 0623 Ltd|||||623 Market Road|Walsall|Darlaston|Walsall|West Midlands|WS1 1SY|preview-corporation-0623@test.cgi.com|0207 1234567|07700 900003|PL-0623|RE99001|Test Address 623|
APP031|Mr||John|Smith|Alexander|Taylor0624|624 Station Road|Birmingham|Handsworth|Birchfield|West Midlands|B1 1BB|john.taylor-0624@test.cgi.com|0121 9876543|07700 900004|PL-0624|EF99007|£500.00|
APP012||Preview Finance 0625 Ltd|||||625 High Street|Walsall|Darlaston|Walsall|West Midlands|WS1 1SY|preview-finance-0625@test.cgi.com|0207 1234567|07700 900001|PL-0625|SW99062|Benjamin Young|
APP031|Mr||James|Edward|Thomas|Hargreaves0626|626 Park Road|Birmingham|Handsworth|Birchfield|West Midlands|B1 1BB|james.hargreaves-0626@test.cgi.com|0121 9876543|07700 900002|PL-0626|EF99007|£500.00|
APP012||Preview Corporation 0627 Ltd|||||627 Market Road|Walsall|Darlaston|Walsall|West Midlands|WS1 1SY|preview-corporation-0627@test.cgi.com|0207 1234567|07700 900003|PL-0627|RE99001|Test Address 627|
APP031|Mr||John|Smith|Alexander|Taylor0628|628 Station Road|Birmingham|Handsworth|Birchfield|West Midlands|B1 1BB|john.taylor-0628@test.cgi.com|0121 9876543|07700 900004|PL-0628|EF99007|£500.00|
APP012||Preview Finance 0629 Ltd|||||629 High Street|Walsall|Darlaston|Walsall|West Midlands|WS1 1SY|preview-finance-0629@test.cgi.com|0207 1234567|07700 900001|PL-0629|SW99062|Benjamin Young|
APP031|Mr||James|Edward|Thomas|Hargreaves0630|630 Park Road|Birmingham|Handsworth|Birchfield|West Midlands|B1 1BB|james.hargreaves-0630@test.cgi.com|0121 9876543|07700 900002|PL-0630|EF99007|£500.00|
APP012||Preview Corporation 0631 Ltd|||||631 Market Road|Walsall|Darlaston|Walsall|West Midlands|WS1 1SY|preview-corporation-0631@test.cgi.com|0207 1234567|07700 900003|PL-0631|RE99001|Test Address 631|
APP031|Mr||John|Smith|Alexander|Taylor0632|632 Station Road|Birmingham|Handsworth|Birchfield|West Midlands|B1 1BB|john.taylor-0632@test.cgi.com|0121 9876543|07700 900004|PL-0632|EF99007|£500.00|
APP012||Preview Finance 0633 Ltd|||||633 High Street|Walsall|Darlaston|Walsall|West Midlands|WS1 1SY|preview-finance-0633@test.cgi.com|0207 1234567|07700 900001|PL-0633|SW99062|Benjamin Young|
APP031|Mr||James|Edward|Thomas|Hargreaves0634|634 Park Road|Birmingham|Handsworth|Birchfield|West Midlands|B1 1BB|james.hargreaves-0634@test.cgi.com|0121 9876543|07700 900002|PL-0634|EF99007|£500.00|
APP012||Preview Corporation 0635 Ltd|||||635 Market Road|Walsall|Darlaston|Walsall|West Midlands|WS1 1SY|preview-corporation-0635@test.cgi.com|0207 1234567|07700 900003|PL-0635|RE99001|Test Address 635|
APP031|Mr||John|Smith|Alexander|Taylor0636|636 Station Road|Birmingham|Handsworth|Birchfield|West Midlands|B1 1BB|john.taylor-0636@test.cgi.com|0121 9876543|07700 900004|PL-0636|EF99007|£500.00|
APP012||Preview Finance 0637 Ltd|||||637 High Street|Walsall|Darlaston|Walsall|West Midlands|WS1 1SY|preview-finance-0637@test.cgi.com|0207 1234567|07700 900001|PL-0637|SW99062|Benjamin Young|
APP031|Mr||James|Edward|Thomas|Hargreaves0638|638 Park Road|Birmingham|Handsworth|Birchfield|West Midlands|B1 1BB|james.hargreaves-0638@test.cgi.com|0121 9876543|07700 900002|PL-0638|EF99007|£500.00|
APP012||Preview Corporation 0639 Ltd|||||639 Market Road|Walsall|Darlaston|Walsall|West Midlands|WS1 1SY|preview-corporation-0639@test.cgi.com|0207 1234567|07700 900003|PL-0639|RE99001|Test Address 639|
APP031|Mr||John|Smith|Alexander|Taylor0640|640 Station Road|Birmingham|Handsworth|Birchfield|West Midlands|B1 1BB|john.taylor-0640@test.cgi.com|0121 9876543|07700 900004|PL-0640|EF99007|£500.00|
APP012||Preview Finance 0641 Ltd|||||641 High Street|Walsall|Darlaston|Walsall|West Midlands|WS1 1SY|preview-finance-0641@test.cgi.com|0207 1234567|07700 900001|PL-0641|SW99062|Benjamin Young|
APP031|Mr||James|Edward|Thomas|Hargreaves0642|642 Park Road|Birmingham|Handsworth|Birchfield|West Midlands|B1 1BB|james.hargreaves-0642@test.cgi.com|0121 9876543|07700 900002|PL-0642|EF99007|£500.00|
APP012||Preview Corporation 0643 Ltd|||||643 Market Road|Walsall|Darlaston|Walsall|West Midlands|WS1 1SY|preview-corporation-0643@test.cgi.com|0207 1234567|07700 900003|PL-0643|RE99001|Test Address 643|
APP031|Mr||John|Smith|Alexander|Taylor0644|644 Station Road|Birmingham|Handsworth|Birchfield|West Midlands|B1 1BB|john.taylor-0644@test.cgi.com|0121 9876543|07700 900004|PL-0644|EF99007|£500.00|
APP012||Preview Finance 0645 Ltd|||||645 High Street|Walsall|Darlaston|Walsall|West Midlands|WS1 1SY|preview-finance-0645@test.cgi.com|0207 1234567|07700 900001|PL-0645|SW99062|Benjamin Young|
APP031|Mr||James|Edward|Thomas|Hargreaves0646|646 Park Road|Birmingham|Handsworth|Birchfield|West Midlands|B1 1BB|james.hargreaves-0646@test.cgi.com|0121 9876543|07700 900002|PL-0646|EF99007|£500.00|
APP012||Preview Corporation 0647 Ltd|||||647 Market Road|Walsall|Darlaston|Walsall|West Midlands|WS1 1SY|preview-corporation-0647@test.cgi.com|0207 1234567|07700 900003|PL-0647|RE99001|Test Address 647|
APP031|Mr||John|Smith|Alexander|Taylor0648|648 Station Road|Birmingham|Handsworth|Birchfield|West Midlands|B1 1BB|john.taylor-0648@test.cgi.com|0121 9876543|07700 900004|PL-0648|EF99007|£500.00|
APP012||Preview Finance 0649 Ltd|||||649 High Street|Walsall|Darlaston|Walsall|West Midlands|WS1 1SY|preview-finance-0649@test.cgi.com|0207 1234567|07700 900001|PL-0649|SW99062|Benjamin Young|
APP031|Mr||James|Edward|Thomas|Hargreaves0650|650 Park Road|Birmingham|Handsworth|Birchfield|West Midlands|B1 1BB|james.hargreaves-0650@test.cgi.com|0121 9876543|07700 900002|PL-0650|EF99007|£500.00|
APP012||Preview Corporation 0651 Ltd|||||651 Market Road|Walsall|Darlaston|Walsall|West Midlands|WS1 1SY|preview-corporation-0651@test.cgi.com|0207 1234567|07700 900003|PL-0651|RE99001|Test Address 651|
APP031|Mr||John|Smith|Alexander|Taylor0652|652 Station Road|Birmingham|Handsworth|Birchfield|West Midlands|B1 1BB|john.taylor-0652@test.cgi.com|0121 9876543|07700 900004|PL-0652|EF99007|£500.00|
APP012||Preview Finance 0653 Ltd|||||653 High Street|Walsall|Darlaston|Walsall|West Midlands|WS1 1SY|preview-finance-0653@test.cgi.com|0207 1234567|07700 900001|PL-0653|SW99062|Benjamin Young|
APP031|Mr||James|Edward|Thomas|Hargreaves0654|654 Park Road|Birmingham|Handsworth|Birchfield|West Midlands|B1 1BB|james.hargreaves-0654@test.cgi.com|0121 9876543|07700 900002|PL-0654|EF99007|£500.00|
APP012||Preview Corporation 0655 Ltd|||||655 Market Road|Walsall|Darlaston|Walsall|West Midlands|WS1 1SY|preview-corporation-0655@test.cgi.com|0207 1234567|07700 900003|PL-0655|RE99001|Test Address 655|
APP031|Mr||John|Smith|Alexander|Taylor0656|656 Station Road|Birmingham|Handsworth|Birchfield|West Midlands|B1 1BB|john.taylor-0656@test.cgi.com|0121 9876543|07700 900004|PL-0656|EF99007|£500.00|
APP012||Preview Finance 0657 Ltd|||||657 High Street|Walsall|Darlaston|Walsall|West Midlands|WS1 1SY|preview-finance-0657@test.cgi.com|0207 1234567|07700 900001|PL-0657|SW99062|Benjamin Young|
APP031|Mr||James|Edward|Thomas|Hargreaves0658|658 Park Road|Birmingham|Handsworth|Birchfield|West Midlands|B1 1BB|james.hargreaves-0658@test.cgi.com|0121 9876543|07700 900002|PL-0658|EF99007|£500.00|
APP012||Preview Corporation 0659 Ltd|||||659 Market Road|Walsall|Darlaston|Walsall|West Midlands|WS1 1SY|preview-corporation-0659@test.cgi.com|0207 1234567|07700 900003|PL-0659|RE99001|Test Address 659|
APP031|Mr||John|Smith|Alexander|Taylor0660|660 Station Road|Birmingham|Handsworth|Birchfield|West Midlands|B1 1BB|john.taylor-0660@test.cgi.com|0121 9876543|07700 900004|PL-0660|EF99007|£500.00|
APP012||Preview Finance 0661 Ltd|||||661 High Street|Walsall|Darlaston|Walsall|West Midlands|WS1 1SY|preview-finance-0661@test.cgi.com|0207 1234567|07700 900001|PL-0661|SW99062|Benjamin Young|
APP031|Mr||James|Edward|Thomas|Hargreaves0662|662 Park Road|Birmingham|Handsworth|Birchfield|West Midlands|B1 1BB|james.hargreaves-0662@test.cgi.com|0121 9876543|07700 900002|PL-0662|EF99007|£500.00|
APP012||Preview Corporation 0663 Ltd|||||663 Market Road|Walsall|Darlaston|Walsall|West Midlands|WS1 1SY|preview-corporation-0663@test.cgi.com|0207 1234567|07700 900003|PL-0663|RE99001|Test Address 663|
APP031|Mr||John|Smith|Alexander|Taylor0664|664 Station Road|Birmingham|Handsworth|Birchfield|West Midlands|B1 1BB|john.taylor-0664@test.cgi.com|0121 9876543|07700 900004|PL-0664|EF99007|£500.00|
APP012||Preview Finance 0665 Ltd|||||665 High Street|Walsall|Darlaston|Walsall|West Midlands|WS1 1SY|preview-finance-0665@test.cgi.com|0207 1234567|07700 900001|PL-0665|SW99062|Benjamin Young|
APP031|Mr||James|Edward|Thomas|Hargreaves0666|666 Park Road|Birmingham|Handsworth|Birchfield|West Midlands|B1 1BB|james.hargreaves-0666@test.cgi.com|0121 9876543|07700 900002|PL-0666|EF99007|£500.00|
APP012||Preview Corporation 0667 Ltd|||||667 Market Road|Walsall|Darlaston|Walsall|West Midlands|WS1 1SY|preview-corporation-0667@test.cgi.com|0207 1234567|07700 900003|PL-0667|RE99001|Test Address 667|
APP031|Mr||John|Smith|Alexander|Taylor0668|668 Station Road|Birmingham|Handsworth|Birchfield|West Midlands|B1 1BB|john.taylor-0668@test.cgi.com|0121 9876543|07700 900004|PL-0668|EF99007|£500.00|
APP012||Preview Finance 0669 Ltd|||||669 High Street|Walsall|Darlaston|Walsall|West Midlands|WS1 1SY|preview-finance-0669@test.cgi.com|0207 1234567|07700 900001|PL-0669|SW99062|Benjamin Young|
APP031|Mr||James|Edward|Thomas|Hargreaves0670|670 Park Road|Birmingham|Handsworth|Birchfield|West Midlands|B1 1BB|james.hargreaves-0670@test.cgi.com|0121 9876543|07700 900002|PL-0670|EF99007|£500.00|
APP012||Preview Corporation 0671 Ltd|||||671 Market Road|Walsall|Darlaston|Walsall|West Midlands|WS1 1SY|preview-corporation-0671@test.cgi.com|0207 1234567|07700 900003|PL-0671|RE99001|Test Address 671|
APP031|Mr||John|Smith|Alexander|Taylor0672|672 Station Road|Birmingham|Handsworth|Birchfield|West Midlands|B1 1BB|john.taylor-0672@test.cgi.com|0121 9876543|07700 900004|PL-0672|EF99007|£500.00|
APP012||Preview Finance 0673 Ltd|||||673 High Street|Walsall|Darlaston|Walsall|West Midlands|WS1 1SY|preview-finance-0673@test.cgi.com|0207 1234567|07700 900001|PL-0673|SW99062|Benjamin Young|
APP031|Mr||James|Edward|Thomas|Hargreaves0674|674 Park Road|Birmingham|Handsworth|Birchfield|West Midlands|B1 1BB|james.hargreaves-0674@test.cgi.com|0121 9876543|07700 900002|PL-0674|EF99007|£500.00|
APP012||Preview Corporation 0675 Ltd|||||675 Market Road|Walsall|Darlaston|Walsall|West Midlands|WS1 1SY|preview-corporation-0675@test.cgi.com|0207 1234567|07700 900003|PL-0675|RE99001|Test Address 675|
APP031|Mr||John|Smith|Alexander|Taylor0676|676 Station Road|Birmingham|Handsworth|Birchfield|West Midlands|B1 1BB|john.taylor-0676@test.cgi.com|0121 9876543|07700 900004|PL-0676|EF99007|£500.00|
APP012||Preview Finance 0677 Ltd|||||677 High Street|Walsall|Darlaston|Walsall|West Midlands|WS1 1SY|preview-finance-0677@test.cgi.com|0207 1234567|07700 900001|PL-0677|SW99062|Benjamin Young|
APP031|Mr||James|Edward|Thomas|Hargreaves0678|678 Park Road|Birmingham|Handsworth|Birchfield|West Midlands|B1 1BB|james.hargreaves-0678@test.cgi.com|0121 9876543|07700 900002|PL-0678|EF99007|£500.00|
APP012||Preview Corporation 0679 Ltd|||||679 Market Road|Walsall|Darlaston|Walsall|West Midlands|WS1 1SY|preview-corporation-0679@test.cgi.com|0207 1234567|07700 900003|PL-0679|RE99001|Test Address 679|
APP031|Mr||John|Smith|Alexander|Taylor0680|680 Station Road|Birmingham|Handsworth|Birchfield|West Midlands|B1 1BB|john.taylor-0680@test.cgi.com|0121 9876543|07700 900004|PL-0680|EF99007|£500.00|
APP012||Preview Finance 0681 Ltd|||||681 High Street|Walsall|Darlaston|Walsall|West Midlands|WS1 1SY|preview-finance-0681@test.cgi.com|0207 1234567|07700 900001|PL-0681|SW99062|Benjamin Young|
APP031|Mr||James|Edward|Thomas|Hargreaves0682|682 Park Road|Birmingham|Handsworth|Birchfield|West Midlands|B1 1BB|james.hargreaves-0682@test.cgi.com|0121 9876543|07700 900002|PL-0682|EF99007|£500.00|
APP012||Preview Corporation 0683 Ltd|||||683 Market Road|Walsall|Darlaston|Walsall|West Midlands|WS1 1SY|preview-corporation-0683@test.cgi.com|0207 1234567|07700 900003|PL-0683|RE99001|Test Address 683|
APP031|Mr||John|Smith|Alexander|Taylor0684|684 Station Road|Birmingham|Handsworth|Birchfield|West Midlands|B1 1BB|john.taylor-0684@test.cgi.com|0121 9876543|07700 900004|PL-0684|EF99007|£500.00|
APP012||Preview Finance 0685 Ltd|||||685 High Street|Walsall|Darlaston|Walsall|West Midlands|WS1 1SY|preview-finance-0685@test.cgi.com|0207 1234567|07700 900001|PL-0685|SW99062|Benjamin Young|
APP031|Mr||James|Edward|Thomas|Hargreaves0686|686 Park Road|Birmingham|Handsworth|Birchfield|West Midlands|B1 1BB|james.hargreaves-0686@test.cgi.com|0121 9876543|07700 900002|PL-0686|EF99007|£500.00|
APP012||Preview Corporation 0687 Ltd|||||687 Market Road|Walsall|Darlaston|Walsall|West Midlands|WS1 1SY|preview-corporation-0687@test.cgi.com|0207 1234567|07700 900003|PL-0687|RE99001|Test Address 687|
APP031|Mr||John|Smith|Alexander|Taylor0688|688 Station Road|Birmingham|Handsworth|Birchfield|West Midlands|B1 1BB|john.taylor-0688@test.cgi.com|0121 9876543|07700 900004|PL-0688|EF99007|£500.00|
APP012||Preview Finance 0689 Ltd|||||689 High Street|Walsall|Darlaston|Walsall|West Midlands|WS1 1SY|preview-finance-0689@test.cgi.com|0207 1234567|07700 900001|PL-0689|SW99062|Benjamin Young|
APP031|Mr||James|Edward|Thomas|Hargreaves0690|690 Park Road|Birmingham|Handsworth|Birchfield|West Midlands|B1 1BB|james.hargreaves-0690@test.cgi.com|0121 9876543|07700 900002|PL-0690|EF99007|£500.00|
APP012||Preview Corporation 0691 Ltd|||||691 Market Road|Walsall|Darlaston|Walsall|West Midlands|WS1 1SY|preview-corporation-0691@test.cgi.com|0207 1234567|07700 900003|PL-0691|RE99001|Test Address 691|
APP031|Mr||John|Smith|Alexander|Taylor0692|692 Station Road|Birmingham|Handsworth|Birchfield|West Midlands|B1 1BB|john.taylor-0692@test.cgi.com|0121 9876543|07700 900004|PL-0692|EF99007|£500.00|
APP012||Preview Finance 0693 Ltd|||||693 High Street|Walsall|Darlaston|Walsall|West Midlands|WS1 1SY|preview-finance-0693@test.cgi.com|0207 1234567|07700 900001|PL-0693|SW99062|Benjamin Young|
APP031|Mr||James|Edward|Thomas|Hargreaves0694|694 Park Road|Birmingham|Handsworth|Birchfield|West Midlands|B1 1BB|james.hargreaves-0694@test.cgi.com|0121 9876543|07700 900002|PL-0694|EF99007|£500.00|
APP012||Preview Corporation 0695 Ltd|||||695 Market Road|Walsall|Darlaston|Walsall|West Midlands|WS1 1SY|preview-corporation-0695@test.cgi.com|0207 1234567|07700 900003|PL-0695|RE99001|Test Address 695|
APP031|Mr||John|Smith|Alexander|Taylor0696|696 Station Road|Birmingham|Handsworth|Birchfield|West Midlands|B1 1BB|john.taylor-0696@test.cgi.com|0121 9876543|07700 900004|PL-0696|EF99007|£500.00|
APP012||Preview Finance 0697 Ltd|||||697 High Street|Walsall|Darlaston|Walsall|West Midlands|WS1 1SY|preview-finance-0697@test.cgi.com|0207 1234567|07700 900001|PL-0697|SW99062|Benjamin Young|
APP031|Mr||James|Edward|Thomas|Hargreaves0698|698 Park Road|Birmingham|Handsworth|Birchfield|West Midlands|B1 1BB|james.hargreaves-0698@test.cgi.com|0121 9876543|07700 900002|PL-0698|EF99007|£500.00|
APP012||Preview Corporation 0699 Ltd|||||699 Market Road|Walsall|Darlaston|Walsall|West Midlands|WS1 1SY|preview-corporation-0699@test.cgi.com|0207 1234567|07700 900003|PL-0699|RE99001|Test Address 699|
APP031|Mr||John|Smith|Alexander|Taylor0700|700 Station Road|Birmingham|Handsworth|Birchfield|West Midlands|B1 1BB|john.taylor-0700@test.cgi.com|0121 9876543|07700 900004|PL-0700|EF99007|£500.00|
APP012||Preview Finance 0701 Ltd|||||701 High Street|Walsall|Darlaston|Walsall|West Midlands|WS1 1SY|preview-finance-0701@test.cgi.com|0207 1234567|07700 900001|PL-0701|SW99062|Benjamin Young|
APP031|Mr||James|Edward|Thomas|Hargreaves0702|702 Park Road|Birmingham|Handsworth|Birchfield|West Midlands|B1 1BB|james.hargreaves-0702@test.cgi.com|0121 9876543|07700 900002|PL-0702|EF99007|£500.00|
APP012||Preview Corporation 0703 Ltd|||||703 Market Road|Walsall|Darlaston|Walsall|West Midlands|WS1 1SY|preview-corporation-0703@test.cgi.com|0207 1234567|07700 900003|PL-0703|RE99001|Test Address 703|
APP031|Mr||John|Smith|Alexander|Taylor0704|704 Station Road|Birmingham|Handsworth|Birchfield|West Midlands|B1 1BB|john.taylor-0704@test.cgi.com|0121 9876543|07700 900004|PL-0704|EF99007|£500.00|
APP012||Preview Finance 0705 Ltd|||||705 High Street|Walsall|Darlaston|Walsall|West Midlands|WS1 1SY|preview-finance-0705@test.cgi.com|0207 1234567|07700 900001|PL-0705|SW99062|Benjamin Young|
APP031|Mr||James|Edward|Thomas|Hargreaves0706|706 Park Road|Birmingham|Handsworth|Birchfield|West Midlands|B1 1BB|james.hargreaves-0706@test.cgi.com|0121 9876543|07700 900002|PL-0706|EF99007|£500.00|
APP012||Preview Corporation 0707 Ltd|||||707 Market Road|Walsall|Darlaston|Walsall|West Midlands|WS1 1SY|preview-corporation-0707@test.cgi.com|0207 1234567|07700 900003|PL-0707|RE99001|Test Address 707|
APP031|Mr||John|Smith|Alexander|Taylor0708|708 Station Road|Birmingham|Handsworth|Birchfield|West Midlands|B1 1BB|john.taylor-0708@test.cgi.com|0121 9876543|07700 900004|PL-0708|EF99007|£500.00|
APP012||Preview Finance 0709 Ltd|||||709 High Street|Walsall|Darlaston|Walsall|West Midlands|WS1 1SY|preview-finance-0709@test.cgi.com|0207 1234567|07700 900001|PL-0709|SW99062|Benjamin Young|
APP031|Mr||James|Edward|Thomas|Hargreaves0710|710 Park Road|Birmingham|Handsworth|Birchfield|West Midlands|B1 1BB|james.hargreaves-0710@test.cgi.com|0121 9876543|07700 900002|PL-0710|EF99007|£500.00|
APP012||Preview Corporation 0711 Ltd|||||711 Market Road|Walsall|Darlaston|Walsall|West Midlands|WS1 1SY|preview-corporation-0711@test.cgi.com|0207 1234567|07700 900003|PL-0711|RE99001|Test Address 711|
APP031|Mr||John|Smith|Alexander|Taylor0712|712 Station Road|Birmingham|Handsworth|Birchfield|West Midlands|B1 1BB|john.taylor-0712@test.cgi.com|0121 9876543|07700 900004|PL-0712|EF99007|£500.00|
APP012||Preview Finance 0713 Ltd|||||713 High Street|Walsall|Darlaston|Walsall|West Midlands|WS1 1SY|preview-finance-0713@test.cgi.com|0207 1234567|07700 900001|PL-0713|SW99062|Benjamin Young|
APP031|Mr||James|Edward|Thomas|Hargreaves0714|714 Park Road|Birmingham|Handsworth|Birchfield|West Midlands|B1 1BB|james.hargreaves-0714@test.cgi.com|0121 9876543|07700 900002|PL-0714|EF99007|£500.00|
APP012||Preview Corporation 0715 Ltd|||||715 Market Road|Walsall|Darlaston|Walsall|West Midlands|WS1 1SY|preview-corporation-0715@test.cgi.com|0207 1234567|07700 900003|PL-0715|RE99001|Test Address 715|
APP031|Mr||John|Smith|Alexander|Taylor0716|716 Station Road|Birmingham|Handsworth|Birchfield|West Midlands|B1 1BB|john.taylor-0716@test.cgi.com|0121 9876543|07700 900004|PL-0716|EF99007|£500.00|
APP012||Preview Finance 0717 Ltd|||||717 High Street|Walsall|Darlaston|Walsall|West Midlands|WS1 1SY|preview-finance-0717@test.cgi.com|0207 1234567|07700 900001|PL-0717|SW99062|Benjamin Young|
APP031|Mr||James|Edward|Thomas|Hargreaves0718|718 Park Road|Birmingham|Handsworth|Birchfield|West Midlands|B1 1BB|james.hargreaves-0718@test.cgi.com|0121 9876543|07700 900002|PL-0718|EF99007|£500.00|
APP012||Preview Corporation 0719 Ltd|||||719 Market Road|Walsall|Darlaston|Walsall|West Midlands|WS1 1SY|preview-corporation-0719@test.cgi.com|0207 1234567|07700 900003|PL-0719|RE99001|Test Address 719|
APP031|Mr||John|Smith|Alexander|Taylor0720|720 Station Road|Birmingham|Handsworth|Birchfield|West Midlands|B1 1BB|john.taylor-0720@test.cgi.com|0121 9876543|07700 900004|PL-0720|EF99007|£500.00|
APP012||Preview Finance 0721 Ltd|||||721 High Street|Walsall|Darlaston|Walsall|West Midlands|WS1 1SY|preview-finance-0721@test.cgi.com|0207 1234567|07700 900001|PL-0721|SW99062|Benjamin Young|
APP031|Mr||James|Edward|Thomas|Hargreaves0722|722 Park Road|Birmingham|Handsworth|Birchfield|West Midlands|B1 1BB|james.hargreaves-0722@test.cgi.com|0121 9876543|07700 900002|PL-0722|EF99007|£500.00|
APP012||Preview Corporation 0723 Ltd|||||723 Market Road|Walsall|Darlaston|Walsall|West Midlands|WS1 1SY|preview-corporation-0723@test.cgi.com|0207 1234567|07700 900003|PL-0723|RE99001|Test Address 723|
APP031|Mr||John|Smith|Alexander|Taylor0724|724 Station Road|Birmingham|Handsworth|Birchfield|West Midlands|B1 1BB|john.taylor-0724@test.cgi.com|0121 9876543|07700 900004|PL-0724|EF99007|£500.00|
APP012||Preview Finance 0725 Ltd|||||725 High Street|Walsall|Darlaston|Walsall|West Midlands|WS1 1SY|preview-finance-0725@test.cgi.com|0207 1234567|07700 900001|PL-0725|SW99062|Benjamin Young|
APP031|Mr||James|Edward|Thomas|Hargreaves0726|726 Park Road|Birmingham|Handsworth|Birchfield|West Midlands|B1 1BB|james.hargreaves-0726@test.cgi.com|0121 9876543|07700 900002|PL-0726|EF99007|£500.00|
APP012||Preview Corporation 0727 Ltd|||||727 Market Road|Walsall|Darlaston|Walsall|West Midlands|WS1 1SY|preview-corporation-0727@test.cgi.com|0207 1234567|07700 900003|PL-0727|RE99001|Test Address 727|
APP031|Mr||John|Smith|Alexander|Taylor0728|728 Station Road|Birmingham|Handsworth|Birchfield|West Midlands|B1 1BB|john.taylor-0728@test.cgi.com|0121 9876543|07700 900004|PL-0728|EF99007|£500.00|
APP012||Preview Finance 0729 Ltd|||||729 High Street|Walsall|Darlaston|Walsall|West Midlands|WS1 1SY|preview-finance-0729@test.cgi.com|0207 1234567|07700 900001|PL-0729|SW99062|Benjamin Young|
APP031|Mr||James|Edward|Thomas|Hargreaves0730|730 Park Road|Birmingham|Handsworth|Birchfield|West Midlands|B1 1BB|james.hargreaves-0730@test.cgi.com|0121 9876543|07700 900002|PL-0730|EF99007|£500.00|
APP012||Preview Corporation 0731 Ltd|||||731 Market Road|Walsall|Darlaston|Walsall|West Midlands|WS1 1SY|preview-corporation-0731@test.cgi.com|0207 1234567|07700 900003|PL-0731|RE99001|Test Address 731|
APP031|Mr||John|Smith|Alexander|Taylor0732|732 Station Road|Birmingham|Handsworth|Birchfield|West Midlands|B1 1BB|john.taylor-0732@test.cgi.com|0121 9876543|07700 900004|PL-0732|EF99007|£500.00|
APP012||Preview Finance 0733 Ltd|||||733 High Street|Walsall|Darlaston|Walsall|West Midlands|WS1 1SY|preview-finance-0733@test.cgi.com|0207 1234567|07700 900001|PL-0733|SW99062|Benjamin Young|
APP031|Mr||James|Edward|Thomas|Hargreaves0734|734 Park Road|Birmingham|Handsworth|Birchfield|West Midlands|B1 1BB|james.hargreaves-0734@test.cgi.com|0121 9876543|07700 900002|PL-0734|EF99007|£500.00|
APP012||Preview Corporation 0735 Ltd|||||735 Market Road|Walsall|Darlaston|Walsall|West Midlands|WS1 1SY|preview-corporation-0735@test.cgi.com|0207 1234567|07700 900003|PL-0735|RE99001|Test Address 735|
APP031|Mr||John|Smith|Alexander|Taylor0736|736 Station Road|Birmingham|Handsworth|Birchfield|West Midlands|B1 1BB|john.taylor-0736@test.cgi.com|0121 9876543|07700 900004|PL-0736|EF99007|£500.00|
APP012||Preview Finance 0737 Ltd|||||737 High Street|Walsall|Darlaston|Walsall|West Midlands|WS1 1SY|preview-finance-0737@test.cgi.com|0207 1234567|07700 900001|PL-0737|SW99062|Benjamin Young|
APP031|Mr||James|Edward|Thomas|Hargreaves0738|738 Park Road|Birmingham|Handsworth|Birchfield|West Midlands|B1 1BB|james.hargreaves-0738@test.cgi.com|0121 9876543|07700 900002|PL-0738|EF99007|£500.00|
APP012||Preview Corporation 0739 Ltd|||||739 Market Road|Walsall|Darlaston|Walsall|West Midlands|WS1 1SY|preview-corporation-0739@test.cgi.com|0207 1234567|07700 900003|PL-0739|RE99001|Test Address 739|
APP031|Mr||John|Smith|Alexander|Taylor0740|740 Station Road|Birmingham|Handsworth|Birchfield|West Midlands|B1 1BB|john.taylor-0740@test.cgi.com|0121 9876543|07700 900004|PL-0740|EF99007|£500.00|
APP012||Preview Finance 0741 Ltd|||||741 High Street|Walsall|Darlaston|Walsall|West Midlands|WS1 1SY|preview-finance-0741@test.cgi.com|0207 1234567|07700 900001|PL-0741|SW99062|Benjamin Young|
APP031|Mr||James|Edward|Thomas|Hargreaves0742|742 Park Road|Birmingham|Handsworth|Birchfield|West Midlands|B1 1BB|james.hargreaves-0742@test.cgi.com|0121 9876543|07700 900002|PL-0742|EF99007|£500.00|
APP012||Preview Corporation 0743 Ltd|||||743 Market Road|Walsall|Darlaston|Walsall|West Midlands|WS1 1SY|preview-corporation-0743@test.cgi.com|0207 1234567|07700 900003|PL-0743|RE99001|Test Address 743|
APP031|Mr||John|Smith|Alexander|Taylor0744|744 Station Road|Birmingham|Handsworth|Birchfield|West Midlands|B1 1BB|john.taylor-0744@test.cgi.com|0121 9876543|07700 900004|PL-0744|EF99007|£500.00|
APP012||Preview Finance 0745 Ltd|||||745 High Street|Walsall|Darlaston|Walsall|West Midlands|WS1 1SY|preview-finance-0745@test.cgi.com|0207 1234567|07700 900001|PL-0745|SW99062|Benjamin Young|
APP031|Mr||James|Edward|Thomas|Hargreaves0746|746 Park Road|Birmingham|Handsworth|Birchfield|West Midlands|B1 1BB|james.hargreaves-0746@test.cgi.com|0121 9876543|07700 900002|PL-0746|EF99007|£500.00|
APP012||Preview Corporation 0747 Ltd|||||747 Market Road|Walsall|Darlaston|Walsall|West Midlands|WS1 1SY|preview-corporation-0747@test.cgi.com|0207 1234567|07700 900003|PL-0747|RE99001|Test Address 747|
APP031|Mr||John|Smith|Alexander|Taylor0748|748 Station Road|Birmingham|Handsworth|Birchfield|West Midlands|B1 1BB|john.taylor-0748@test.cgi.com|0121 9876543|07700 900004|PL-0748|EF99007|£500.00|
APP012||Preview Finance 0749 Ltd|||||749 High Street|Walsall|Darlaston|Walsall|West Midlands|WS1 1SY|preview-finance-0749@test.cgi.com|0207 1234567|07700 900001|PL-0749|SW99062|Benjamin Young|
APP031|Mr||James|Edward|Thomas|Hargreaves0750|750 Park Road|Birmingham|Handsworth|Birchfield|West Midlands|B1 1BB|james.hargreaves-0750@test.cgi.com|0121 9876543|07700 900002|PL-0750|EF99007|£500.00|
APP012||Preview Corporation 0751 Ltd|||||751 Market Road|Walsall|Darlaston|Walsall|West Midlands|WS1 1SY|preview-corporation-0751@test.cgi.com|0207 1234567|07700 900003|PL-0751|RE99001|Test Address 751|
APP031|Mr||John|Smith|Alexander|Taylor0752|752 Station Road|Birmingham|Handsworth|Birchfield|West Midlands|B1 1BB|john.taylor-0752@test.cgi.com|0121 9876543|07700 900004|PL-0752|EF99007|£500.00|
APP012||Preview Finance 0753 Ltd|||||753 High Street|Walsall|Darlaston|Walsall|West Midlands|WS1 1SY|preview-finance-0753@test.cgi.com|0207 1234567|07700 900001|PL-0753|SW99062|Benjamin Young|
APP031|Mr||James|Edward|Thomas|Hargreaves0754|754 Park Road|Birmingham|Handsworth|Birchfield|West Midlands|B1 1BB|james.hargreaves-0754@test.cgi.com|0121 9876543|07700 900002|PL-0754|EF99007|£500.00|
APP012||Preview Corporation 0755 Ltd|||||755 Market Road|Walsall|Darlaston|Walsall|West Midlands|WS1 1SY|preview-corporation-0755@test.cgi.com|0207 1234567|07700 900003|PL-0755|RE99001|Test Address 755|
APP031|Mr||John|Smith|Alexander|Taylor0756|756 Station Road|Birmingham|Handsworth|Birchfield|West Midlands|B1 1BB|john.taylor-0756@test.cgi.com|0121 9876543|07700 900004|PL-0756|EF99007|£500.00|
APP012||Preview Finance 0757 Ltd|||||757 High Street|Walsall|Darlaston|Walsall|West Midlands|WS1 1SY|preview-finance-0757@test.cgi.com|0207 1234567|07700 900001|PL-0757|SW99062|Benjamin Young|
APP031|Mr||James|Edward|Thomas|Hargreaves0758|758 Park Road|Birmingham|Handsworth|Birchfield|West Midlands|B1 1BB|james.hargreaves-0758@test.cgi.com|0121 9876543|07700 900002|PL-0758|EF99007|£500.00|
APP012||Preview Corporation 0759 Ltd|||||759 Market Road|Walsall|Darlaston|Walsall|West Midlands|WS1 1SY|preview-corporation-0759@test.cgi.com|0207 1234567|07700 900003|PL-0759|RE99001|Test Address 759|
APP031|Mr||John|Smith|Alexander|Taylor0760|760 Station Road|Birmingham|Handsworth|Birchfield|West Midlands|B1 1BB|john.taylor-0760@test.cgi.com|0121 9876543|07700 900004|PL-0760|EF99007|£500.00|
APP012||Preview Finance 0761 Ltd|||||761 High Street|Walsall|Darlaston|Walsall|West Midlands|WS1 1SY|preview-finance-0761@test.cgi.com|0207 1234567|07700 900001|PL-0761|SW99062|Benjamin Young|
APP031|Mr||James|Edward|Thomas|Hargreaves0762|762 Park Road|Birmingham|Handsworth|Birchfield|West Midlands|B1 1BB|james.hargreaves-0762@test.cgi.com|0121 9876543|07700 900002|PL-0762|EF99007|£500.00|
APP012||Preview Corporation 0763 Ltd|||||763 Market Road|Walsall|Darlaston|Walsall|West Midlands|WS1 1SY|preview-corporation-0763@test.cgi.com|0207 1234567|07700 900003|PL-0763|RE99001|Test Address 763|
APP031|Mr||John|Smith|Alexander|Taylor0764|764 Station Road|Birmingham|Handsworth|Birchfield|West Midlands|B1 1BB|john.taylor-0764@test.cgi.com|0121 9876543|07700 900004|PL-0764|EF99007|£500.00|
APP012||Preview Finance 0765 Ltd|||||765 High Street|Walsall|Darlaston|Walsall|West Midlands|WS1 1SY|preview-finance-0765@test.cgi.com|0207 1234567|07700 900001|PL-0765|SW99062|Benjamin Young|
APP031|Mr||James|Edward|Thomas|Hargreaves0766|766 Park Road|Birmingham|Handsworth|Birchfield|West Midlands|B1 1BB|james.hargreaves-0766@test.cgi.com|0121 9876543|07700 900002|PL-0766|EF99007|£500.00|
APP012||Preview Corporation 0767 Ltd|||||767 Market Road|Walsall|Darlaston|Walsall|West Midlands|WS1 1SY|preview-corporation-0767@test.cgi.com|0207 1234567|07700 900003|PL-0767|RE99001|Test Address 767|
APP031|Mr||John|Smith|Alexander|Taylor0768|768 Station Road|Birmingham|Handsworth|Birchfield|West Midlands|B1 1BB|john.taylor-0768@test.cgi.com|0121 9876543|07700 900004|PL-0768|EF99007|£500.00|
APP012||Preview Finance 0769 Ltd|||||769 High Street|Walsall|Darlaston|Walsall|West Midlands|WS1 1SY|preview-finance-0769@test.cgi.com|0207 1234567|07700 900001|PL-0769|SW99062|Benjamin Young|
APP031|Mr||James|Edward|Thomas|Hargreaves0770|770 Park Road|Birmingham|Handsworth|Birchfield|West Midlands|B1 1BB|james.hargreaves-0770@test.cgi.com|0121 9876543|07700 900002|PL-0770|EF99007|£500.00|
APP012||Preview Corporation 0771 Ltd|||||771 Market Road|Walsall|Darlaston|Walsall|West Midlands|WS1 1SY|preview-corporation-0771@test.cgi.com|0207 1234567|07700 900003|PL-0771|RE99001|Test Address 771|
APP031|Mr||John|Smith|Alexander|Taylor0772|772 Station Road|Birmingham|Handsworth|Birchfield|West Midlands|B1 1BB|john.taylor-0772@test.cgi.com|0121 9876543|07700 900004|PL-0772|EF99007|£500.00|
APP012||Preview Finance 0773 Ltd|||||773 High Street|Walsall|Darlaston|Walsall|West Midlands|WS1 1SY|preview-finance-0773@test.cgi.com|0207 1234567|07700 900001|PL-0773|SW99062|Benjamin Young|
APP031|Mr||James|Edward|Thomas|Hargreaves0774|774 Park Road|Birmingham|Handsworth|Birchfield|West Midlands|B1 1BB|james.hargreaves-0774@test.cgi.com|0121 9876543|07700 900002|PL-0774|EF99007|£500.00|
APP012||Preview Corporation 0775 Ltd|||||775 Market Road|Walsall|Darlaston|Walsall|West Midlands|WS1 1SY|preview-corporation-0775@test.cgi.com|0207 1234567|07700 900003|PL-0775|RE99001|Test Address 775|
APP031|Mr||John|Smith|Alexander|Taylor0776|776 Station Road|Birmingham|Handsworth|Birchfield|West Midlands|B1 1BB|john.taylor-0776@test.cgi.com|0121 9876543|07700 900004|PL-0776|EF99007|£500.00|
APP012||Preview Finance 0777 Ltd|||||777 High Street|Walsall|Darlaston|Walsall|West Midlands|WS1 1SY|preview-finance-0777@test.cgi.com|0207 1234567|07700 900001|PL-0777|SW99062|Benjamin Young|
APP031|Mr||James|Edward|Thomas|Hargreaves0778|778 Park Road|Birmingham|Handsworth|Birchfield|West Midlands|B1 1BB|james.hargreaves-0778@test.cgi.com|0121 9876543|07700 900002|PL-0778|EF99007|£500.00|
APP012||Preview Corporation 0779 Ltd|||||779 Market Road|Walsall|Darlaston|Walsall|West Midlands|WS1 1SY|preview-corporation-0779@test.cgi.com|0207 1234567|07700 900003|PL-0779|RE99001|Test Address 779|
APP031|Mr||John|Smith|Alexander|Taylor0780|780 Station Road|Birmingham|Handsworth|Birchfield|West Midlands|B1 1BB|john.taylor-0780@test.cgi.com|0121 9876543|07700 900004|PL-0780|EF99007|£500.00|
APP012||Preview Finance 0781 Ltd|||||781 High Street|Walsall|Darlaston|Walsall|West Midlands|WS1 1SY|preview-finance-0781@test.cgi.com|0207 1234567|07700 900001|PL-0781|SW99062|Benjamin Young|
APP031|Mr||James|Edward|Thomas|Hargreaves0782|782 Park Road|Birmingham|Handsworth|Birchfield|West Midlands|B1 1BB|james.hargreaves-0782@test.cgi.com|0121 9876543|07700 900002|PL-0782|EF99007|£500.00|
APP012||Preview Corporation 0783 Ltd|||||783 Market Road|Walsall|Darlaston|Walsall|West Midlands|WS1 1SY|preview-corporation-0783@test.cgi.com|0207 1234567|07700 900003|PL-0783|RE99001|Test Address 783|
APP031|Mr||John|Smith|Alexander|Taylor0784|784 Station Road|Birmingham|Handsworth|Birchfield|West Midlands|B1 1BB|john.taylor-0784@test.cgi.com|0121 9876543|07700 900004|PL-0784|EF99007|£500.00|
APP012||Preview Finance 0785 Ltd|||||785 High Street|Walsall|Darlaston|Walsall|West Midlands|WS1 1SY|preview-finance-0785@test.cgi.com|0207 1234567|07700 900001|PL-0785|SW99062|Benjamin Young|
APP031|Mr||James|Edward|Thomas|Hargreaves0786|786 Park Road|Birmingham|Handsworth|Birchfield|West Midlands|B1 1BB|james.hargreaves-0786@test.cgi.com|0121 9876543|07700 900002|PL-0786|EF99007|£500.00|
APP012||Preview Corporation 0787 Ltd|||||787 Market Road|Walsall|Darlaston|Walsall|West Midlands|WS1 1SY|preview-corporation-0787@test.cgi.com|0207 1234567|07700 900003|PL-0787|RE99001|Test Address 787|
APP031|Mr||John|Smith|Alexander|Taylor0788|788 Station Road|Birmingham|Handsworth|Birchfield|West Midlands|B1 1BB|john.taylor-0788@test.cgi.com|0121 9876543|07700 900004|PL-0788|EF99007|£500.00|
APP012||Preview Finance 0789 Ltd|||||789 High Street|Walsall|Darlaston|Walsall|West Midlands|WS1 1SY|preview-finance-0789@test.cgi.com|0207 1234567|07700 900001|PL-0789|SW99062|Benjamin Young|
APP031|Mr||James|Edward|Thomas|Hargreaves0790|790 Park Road|Birmingham|Handsworth|Birchfield|West Midlands|B1 1BB|james.hargreaves-0790@test.cgi.com|0121 9876543|07700 900002|PL-0790|EF99007|£500.00|
APP012||Preview Corporation 0791 Ltd|||||791 Market Road|Walsall|Darlaston|Walsall|West Midlands|WS1 1SY|preview-corporation-0791@test.cgi.com|0207 1234567|07700 900003|PL-0791|RE99001|Test Address 791|
APP031|Mr||John|Smith|Alexander|Taylor0792|792 Station Road|Birmingham|Handsworth|Birchfield|West Midlands|B1 1BB|john.taylor-0792@test.cgi.com|0121 9876543|07700 900004|PL-0792|EF99007|£500.00|
APP012||Preview Finance 0793 Ltd|||||793 High Street|Walsall|Darlaston|Walsall|West Midlands|WS1 1SY|preview-finance-0793@test.cgi.com|0207 1234567|07700 900001|PL-0793|SW99062|Benjamin Young|
APP031|Mr||James|Edward|Thomas|Hargreaves0794|794 Park Road|Birmingham|Handsworth|Birchfield|West Midlands|B1 1BB|james.hargreaves-0794@test.cgi.com|0121 9876543|07700 900002|PL-0794|EF99007|£500.00|
APP012||Preview Corporation 0795 Ltd|||||795 Market Road|Walsall|Darlaston|Walsall|West Midlands|WS1 1SY|preview-corporation-0795@test.cgi.com|0207 1234567|07700 900003|PL-0795|RE99001|Test Address 795|
APP031|Mr||John|Smith|Alexander|Taylor0796|796 Station Road|Birmingham|Handsworth|Birchfield|West Midlands|B1 1BB|john.taylor-0796@test.cgi.com|0121 9876543|07700 900004|PL-0796|EF99007|£500.00|
APP012||Preview Finance 0797 Ltd|||||797 High Street|Walsall|Darlaston|Walsall|West Midlands|WS1 1SY|preview-finance-0797@test.cgi.com|0207 1234567|07700 900001|PL-0797|SW99062|Benjamin Young|
APP031|Mr||James|Edward|Thomas|Hargreaves0798|798 Park Road|Birmingham|Handsworth|Birchfield|West Midlands|B1 1BB|james.hargreaves-0798@test.cgi.com|0121 9876543|07700 900002|PL-0798|EF99007|£500.00|
APP012||Preview Corporation 0799 Ltd|||||799 Market Road|Walsall|Darlaston|Walsall|West Midlands|WS1 1SY|preview-corporation-0799@test.cgi.com|0207 1234567|07700 900003|PL-0799|RE99001|Test Address 799|
APP031|Mr||John|Smith|Alexander|Taylor0800|800 Station Road|Birmingham|Handsworth|Birchfield|West Midlands|B1 1BB|john.taylor-0800@test.cgi.com|0121 9876543|07700 900004|PL-0800|EF99007|£500.00|
APP012||Preview Finance 0801 Ltd|||||801 High Street|Walsall|Darlaston|Walsall|West Midlands|WS1 1SY|preview-finance-0801@test.cgi.com|0207 1234567|07700 900001|PL-0801|SW99062|Benjamin Young|
APP031|Mr||James|Edward|Thomas|Hargreaves0802|802 Park Road|Birmingham|Handsworth|Birchfield|West Midlands|B1 1BB|james.hargreaves-0802@test.cgi.com|0121 9876543|07700 900002|PL-0802|EF99007|£500.00|
APP012||Preview Corporation 0803 Ltd|||||803 Market Road|Walsall|Darlaston|Walsall|West Midlands|WS1 1SY|preview-corporation-0803@test.cgi.com|0207 1234567|07700 900003|PL-0803|RE99001|Test Address 803|
APP031|Mr||John|Smith|Alexander|Taylor0804|804 Station Road|Birmingham|Handsworth|Birchfield|West Midlands|B1 1BB|john.taylor-0804@test.cgi.com|0121 9876543|07700 900004|PL-0804|EF99007|£500.00|
APP012||Preview Finance 0805 Ltd|||||805 High Street|Walsall|Darlaston|Walsall|West Midlands|WS1 1SY|preview-finance-0805@test.cgi.com|0207 1234567|07700 900001|PL-0805|SW99062|Benjamin Young|
APP031|Mr||James|Edward|Thomas|Hargreaves0806|806 Park Road|Birmingham|Handsworth|Birchfield|West Midlands|B1 1BB|james.hargreaves-0806@test.cgi.com|0121 9876543|07700 900002|PL-0806|EF99007|£500.00|
APP012||Preview Corporation 0807 Ltd|||||807 Market Road|Walsall|Darlaston|Walsall|West Midlands|WS1 1SY|preview-corporation-0807@test.cgi.com|0207 1234567|07700 900003|PL-0807|RE99001|Test Address 807|
APP031|Mr||John|Smith|Alexander|Taylor0808|808 Station Road|Birmingham|Handsworth|Birchfield|West Midlands|B1 1BB|john.taylor-0808@test.cgi.com|0121 9876543|07700 900004|PL-0808|EF99007|£500.00|
APP012||Preview Finance 0809 Ltd|||||809 High Street|Walsall|Darlaston|Walsall|West Midlands|WS1 1SY|preview-finance-0809@test.cgi.com|0207 1234567|07700 900001|PL-0809|SW99062|Benjamin Young|
APP031|Mr||James|Edward|Thomas|Hargreaves0810|810 Park Road|Birmingham|Handsworth|Birchfield|West Midlands|B1 1BB|james.hargreaves-0810@test.cgi.com|0121 9876543|07700 900002|PL-0810|EF99007|£500.00|
APP012||Preview Corporation 0811 Ltd|||||811 Market Road|Walsall|Darlaston|Walsall|West Midlands|WS1 1SY|preview-corporation-0811@test.cgi.com|0207 1234567|07700 900003|PL-0811|RE99001|Test Address 811|
APP031|Mr||John|Smith|Alexander|Taylor0812|812 Station Road|Birmingham|Handsworth|Birchfield|West Midlands|B1 1BB|john.taylor-0812@test.cgi.com|0121 9876543|07700 900004|PL-0812|EF99007|£500.00|
APP012||Preview Finance 0813 Ltd|||||813 High Street|Walsall|Darlaston|Walsall|West Midlands|WS1 1SY|preview-finance-0813@test.cgi.com|0207 1234567|07700 900001|PL-0813|SW99062|Benjamin Young|
APP031|Mr||James|Edward|Thomas|Hargreaves0814|814 Park Road|Birmingham|Handsworth|Birchfield|West Midlands|B1 1BB|james.hargreaves-0814@test.cgi.com|0121 9876543|07700 900002|PL-0814|EF99007|£500.00|
APP012||Preview Corporation 0815 Ltd|||||815 Market Road|Walsall|Darlaston|Walsall|West Midlands|WS1 1SY|preview-corporation-0815@test.cgi.com|0207 1234567|07700 900003|PL-0815|RE99001|Test Address 815|
APP031|Mr||John|Smith|Alexander|Taylor0816|816 Station Road|Birmingham|Handsworth|Birchfield|West Midlands|B1 1BB|john.taylor-0816@test.cgi.com|0121 9876543|07700 900004|PL-0816|EF99007|£500.00|
APP012||Preview Finance 0817 Ltd|||||817 High Street|Walsall|Darlaston|Walsall|West Midlands|WS1 1SY|preview-finance-0817@test.cgi.com|0207 1234567|07700 900001|PL-0817|SW99062|Benjamin Young|
APP031|Mr||James|Edward|Thomas|Hargreaves0818|818 Park Road|Birmingham|Handsworth|Birchfield|West Midlands|B1 1BB|james.hargreaves-0818@test.cgi.com|0121 9876543|07700 900002|PL-0818|EF99007|£500.00|
APP012||Preview Corporation 0819 Ltd|||||819 Market Road|Walsall|Darlaston|Walsall|West Midlands|WS1 1SY|preview-corporation-0819@test.cgi.com|0207 1234567|07700 900003|PL-0819|RE99001|Test Address 819|
APP031|Mr||John|Smith|Alexander|Taylor0820|820 Station Road|Birmingham|Handsworth|Birchfield|West Midlands|B1 1BB|john.taylor-0820@test.cgi.com|0121 9876543|07700 900004|PL-0820|EF99007|£500.00|
APP012||Preview Finance 0821 Ltd|||||821 High Street|Walsall|Darlaston|Walsall|West Midlands|WS1 1SY|preview-finance-0821@test.cgi.com|0207 1234567|07700 900001|PL-0821|SW99062|Benjamin Young|
APP031|Mr||James|Edward|Thomas|Hargreaves0822|822 Park Road|Birmingham|Handsworth|Birchfield|West Midlands|B1 1BB|james.hargreaves-0822@test.cgi.com|0121 9876543|07700 900002|PL-0822|EF99007|£500.00|
APP012||Preview Corporation 0823 Ltd|||||823 Market Road|Walsall|Darlaston|Walsall|West Midlands|WS1 1SY|preview-corporation-0823@test.cgi.com|0207 1234567|07700 900003|PL-0823|RE99001|Test Address 823|
APP031|Mr||John|Smith|Alexander|Taylor0824|824 Station Road|Birmingham|Handsworth|Birchfield|West Midlands|B1 1BB|john.taylor-0824@test.cgi.com|0121 9876543|07700 900004|PL-0824|EF99007|£500.00|
APP012||Preview Finance 0825 Ltd|||||825 High Street|Walsall|Darlaston|Walsall|West Midlands|WS1 1SY|preview-finance-0825@test.cgi.com|0207 1234567|07700 900001|PL-0825|SW99062|Benjamin Young|
APP031|Mr||James|Edward|Thomas|Hargreaves0826|826 Park Road|Birmingham|Handsworth|Birchfield|West Midlands|B1 1BB|james.hargreaves-0826@test.cgi.com|0121 9876543|07700 900002|PL-0826|EF99007|£500.00|
APP012||Preview Corporation 0827 Ltd|||||827 Market Road|Walsall|Darlaston|Walsall|West Midlands|WS1 1SY|preview-corporation-0827@test.cgi.com|0207 1234567|07700 900003|PL-0827|RE99001|Test Address 827|
APP031|Mr||John|Smith|Alexander|Taylor0828|828 Station Road|Birmingham|Handsworth|Birchfield|West Midlands|B1 1BB|john.taylor-0828@test.cgi.com|0121 9876543|07700 900004|PL-0828|EF99007|£500.00|
APP012||Preview Finance 0829 Ltd|||||829 High Street|Walsall|Darlaston|Walsall|West Midlands|WS1 1SY|preview-finance-0829@test.cgi.com|0207 1234567|07700 900001|PL-0829|SW99062|Benjamin Young|
APP031|Mr||James|Edward|Thomas|Hargreaves0830|830 Park Road|Birmingham|Handsworth|Birchfield|West Midlands|B1 1BB|james.hargreaves-0830@test.cgi.com|0121 9876543|07700 900002|PL-0830|EF99007|£500.00|
APP012||Preview Corporation 0831 Ltd|||||831 Market Road|Walsall|Darlaston|Walsall|West Midlands|WS1 1SY|preview-corporation-0831@test.cgi.com|0207 1234567|07700 900003|PL-0831|RE99001|Test Address 831|
APP031|Mr||John|Smith|Alexander|Taylor0832|832 Station Road|Birmingham|Handsworth|Birchfield|West Midlands|B1 1BB|john.taylor-0832@test.cgi.com|0121 9876543|07700 900004|PL-0832|EF99007|£500.00|
APP012||Preview Finance 0833 Ltd|||||833 High Street|Walsall|Darlaston|Walsall|West Midlands|WS1 1SY|preview-finance-0833@test.cgi.com|0207 1234567|07700 900001|PL-0833|SW99062|Benjamin Young|
APP031|Mr||James|Edward|Thomas|Hargreaves0834|834 Park Road|Birmingham|Handsworth|Birchfield|West Midlands|B1 1BB|james.hargreaves-0834@test.cgi.com|0121 9876543|07700 900002|PL-0834|EF99007|£500.00|
APP012||Preview Corporation 0835 Ltd|||||835 Market Road|Walsall|Darlaston|Walsall|West Midlands|WS1 1SY|preview-corporation-0835@test.cgi.com|0207 1234567|07700 900003|PL-0835|RE99001|Test Address 835|
APP031|Mr||John|Smith|Alexander|Taylor0836|836 Station Road|Birmingham|Handsworth|Birchfield|West Midlands|B1 1BB|john.taylor-0836@test.cgi.com|0121 9876543|07700 900004|PL-0836|EF99007|£500.00|
APP012||Preview Finance 0837 Ltd|||||837 High Street|Walsall|Darlaston|Walsall|West Midlands|WS1 1SY|preview-finance-0837@test.cgi.com|0207 1234567|07700 900001|PL-0837|SW99062|Benjamin Young|
APP031|Mr||James|Edward|Thomas|Hargreaves0838|838 Park Road|Birmingham|Handsworth|Birchfield|West Midlands|B1 1BB|james.hargreaves-0838@test.cgi.com|0121 9876543|07700 900002|PL-0838|EF99007|£500.00|
APP012||Preview Corporation 0839 Ltd|||||839 Market Road|Walsall|Darlaston|Walsall|West Midlands|WS1 1SY|preview-corporation-0839@test.cgi.com|0207 1234567|07700 900003|PL-0839|RE99001|Test Address 839|
APP031|Mr||John|Smith|Alexander|Taylor0840|840 Station Road|Birmingham|Handsworth|Birchfield|West Midlands|B1 1BB|john.taylor-0840@test.cgi.com|0121 9876543|07700 900004|PL-0840|EF99007|£500.00|
APP012||Preview Finance 0841 Ltd|||||841 High Street|Walsall|Darlaston|Walsall|West Midlands|WS1 1SY|preview-finance-0841@test.cgi.com|0207 1234567|07700 900001|PL-0841|SW99062|Benjamin Young|
APP031|Mr||James|Edward|Thomas|Hargreaves0842|842 Park Road|Birmingham|Handsworth|Birchfield|West Midlands|B1 1BB|james.hargreaves-0842@test.cgi.com|0121 9876543|07700 900002|PL-0842|EF99007|£500.00|
APP012||Preview Corporation 0843 Ltd|||||843 Market Road|Walsall|Darlaston|Walsall|West Midlands|WS1 1SY|preview-corporation-0843@test.cgi.com|0207 1234567|07700 900003|PL-0843|RE99001|Test Address 843|
APP031|Mr||John|Smith|Alexander|Taylor0844|844 Station Road|Birmingham|Handsworth|Birchfield|West Midlands|B1 1BB|john.taylor-0844@test.cgi.com|0121 9876543|07700 900004|PL-0844|EF99007|£500.00|
APP012||Preview Finance 0845 Ltd|||||845 High Street|Walsall|Darlaston|Walsall|West Midlands|WS1 1SY|preview-finance-0845@test.cgi.com|0207 1234567|07700 900001|PL-0845|SW99062|Benjamin Young|
APP031|Mr||James|Edward|Thomas|Hargreaves0846|846 Park Road|Birmingham|Handsworth|Birchfield|West Midlands|B1 1BB|james.hargreaves-0846@test.cgi.com|0121 9876543|07700 900002|PL-0846|EF99007|£500.00|
APP012||Preview Corporation 0847 Ltd|||||847 Market Road|Walsall|Darlaston|Walsall|West Midlands|WS1 1SY|preview-corporation-0847@test.cgi.com|0207 1234567|07700 900003|PL-0847|RE99001|Test Address 847|
APP031|Mr||John|Smith|Alexander|Taylor0848|848 Station Road|Birmingham|Handsworth|Birchfield|West Midlands|B1 1BB|john.taylor-0848@test.cgi.com|0121 9876543|07700 900004|PL-0848|EF99007|£500.00|
APP012||Preview Finance 0849 Ltd|||||849 High Street|Walsall|Darlaston|Walsall|West Midlands|WS1 1SY|preview-finance-0849@test.cgi.com|0207 1234567|07700 900001|PL-0849|SW99062|Benjamin Young|
APP031|Mr||James|Edward|Thomas|Hargreaves0850|850 Park Road|Birmingham|Handsworth|Birchfield|West Midlands|B1 1BB|james.hargreaves-0850@test.cgi.com|0121 9876543|07700 900002|PL-0850|EF99007|£500.00|
APP012||Preview Corporation 0851 Ltd|||||851 Market Road|Walsall|Darlaston|Walsall|West Midlands|WS1 1SY|preview-corporation-0851@test.cgi.com|0207 1234567|07700 900003|PL-0851|RE99001|Test Address 851|
APP031|Mr||John|Smith|Alexander|Taylor0852|852 Station Road|Birmingham|Handsworth|Birchfield|West Midlands|B1 1BB|john.taylor-0852@test.cgi.com|0121 9876543|07700 900004|PL-0852|EF99007|£500.00|
APP012||Preview Finance 0853 Ltd|||||853 High Street|Walsall|Darlaston|Walsall|West Midlands|WS1 1SY|preview-finance-0853@test.cgi.com|0207 1234567|07700 900001|PL-0853|SW99062|Benjamin Young|
APP031|Mr||James|Edward|Thomas|Hargreaves0854|854 Park Road|Birmingham|Handsworth|Birchfield|West Midlands|B1 1BB|james.hargreaves-0854@test.cgi.com|0121 9876543|07700 900002|PL-0854|EF99007|£500.00|
APP012||Preview Corporation 0855 Ltd|||||855 Market Road|Walsall|Darlaston|Walsall|West Midlands|WS1 1SY|preview-corporation-0855@test.cgi.com|0207 1234567|07700 900003|PL-0855|RE99001|Test Address 855|
APP031|Mr||John|Smith|Alexander|Taylor0856|856 Station Road|Birmingham|Handsworth|Birchfield|West Midlands|B1 1BB|john.taylor-0856@test.cgi.com|0121 9876543|07700 900004|PL-0856|EF99007|£500.00|
APP012||Preview Finance 0857 Ltd|||||857 High Street|Walsall|Darlaston|Walsall|West Midlands|WS1 1SY|preview-finance-0857@test.cgi.com|0207 1234567|07700 900001|PL-0857|SW99062|Benjamin Young|
APP031|Mr||James|Edward|Thomas|Hargreaves0858|858 Park Road|Birmingham|Handsworth|Birchfield|West Midlands|B1 1BB|james.hargreaves-0858@test.cgi.com|0121 9876543|07700 900002|PL-0858|EF99007|£500.00|
APP012||Preview Corporation 0859 Ltd|||||859 Market Road|Walsall|Darlaston|Walsall|West Midlands|WS1 1SY|preview-corporation-0859@test.cgi.com|0207 1234567|07700 900003|PL-0859|RE99001|Test Address 859|
APP031|Mr||John|Smith|Alexander|Taylor0860|860 Station Road|Birmingham|Handsworth|Birchfield|West Midlands|B1 1BB|john.taylor-0860@test.cgi.com|0121 9876543|07700 900004|PL-0860|EF99007|£500.00|
APP012||Preview Finance 0861 Ltd|||||861 High Street|Walsall|Darlaston|Walsall|West Midlands|WS1 1SY|preview-finance-0861@test.cgi.com|0207 1234567|07700 900001|PL-0861|SW99062|Benjamin Young|
APP031|Mr||James|Edward|Thomas|Hargreaves0862|862 Park Road|Birmingham|Handsworth|Birchfield|West Midlands|B1 1BB|james.hargreaves-0862@test.cgi.com|0121 9876543|07700 900002|PL-0862|EF99007|£500.00|
APP012||Preview Corporation 0863 Ltd|||||863 Market Road|Walsall|Darlaston|Walsall|West Midlands|WS1 1SY|preview-corporation-0863@test.cgi.com|0207 1234567|07700 900003|PL-0863|RE99001|Test Address 863|
APP031|Mr||John|Smith|Alexander|Taylor0864|864 Station Road|Birmingham|Handsworth|Birchfield|West Midlands|B1 1BB|john.taylor-0864@test.cgi.com|0121 9876543|07700 900004|PL-0864|EF99007|£500.00|
APP012||Preview Finance 0865 Ltd|||||865 High Street|Walsall|Darlaston|Walsall|West Midlands|WS1 1SY|preview-finance-0865@test.cgi.com|0207 1234567|07700 900001|PL-0865|SW99062|Benjamin Young|
APP031|Mr||James|Edward|Thomas|Hargreaves0866|866 Park Road|Birmingham|Handsworth|Birchfield|West Midlands|B1 1BB|james.hargreaves-0866@test.cgi.com|0121 9876543|07700 900002|PL-0866|EF99007|£500.00|
APP012||Preview Corporation 0867 Ltd|||||867 Market Road|Walsall|Darlaston|Walsall|West Midlands|WS1 1SY|preview-corporation-0867@test.cgi.com|0207 1234567|07700 900003|PL-0867|RE99001|Test Address 867|
APP031|Mr||John|Smith|Alexander|Taylor0868|868 Station Road|Birmingham|Handsworth|Birchfield|West Midlands|B1 1BB|john.taylor-0868@test.cgi.com|0121 9876543|07700 900004|PL-0868|EF99007|£500.00|
APP012||Preview Finance 0869 Ltd|||||869 High Street|Walsall|Darlaston|Walsall|West Midlands|WS1 1SY|preview-finance-0869@test.cgi.com|0207 1234567|07700 900001|PL-0869|SW99062|Benjamin Young|
APP031|Mr||James|Edward|Thomas|Hargreaves0870|870 Park Road|Birmingham|Handsworth|Birchfield|West Midlands|B1 1BB|james.hargreaves-0870@test.cgi.com|0121 9876543|07700 900002|PL-0870|EF99007|£500.00|
APP012||Preview Corporation 0871 Ltd|||||871 Market Road|Walsall|Darlaston|Walsall|West Midlands|WS1 1SY|preview-corporation-0871@test.cgi.com|0207 1234567|07700 900003|PL-0871|RE99001|Test Address 871|
APP031|Mr||John|Smith|Alexander|Taylor0872|872 Station Road|Birmingham|Handsworth|Birchfield|West Midlands|B1 1BB|john.taylor-0872@test.cgi.com|0121 9876543|07700 900004|PL-0872|EF99007|£500.00|
APP012||Preview Finance 0873 Ltd|||||873 High Street|Walsall|Darlaston|Walsall|West Midlands|WS1 1SY|preview-finance-0873@test.cgi.com|0207 1234567|07700 900001|PL-0873|SW99062|Benjamin Young|
APP031|Mr||James|Edward|Thomas|Hargreaves0874|874 Park Road|Birmingham|Handsworth|Birchfield|West Midlands|B1 1BB|james.hargreaves-0874@test.cgi.com|0121 9876543|07700 900002|PL-0874|EF99007|£500.00|
APP012||Preview Corporation 0875 Ltd|||||875 Market Road|Walsall|Darlaston|Walsall|West Midlands|WS1 1SY|preview-corporation-0875@test.cgi.com|0207 1234567|07700 900003|PL-0875|RE99001|Test Address 875|
APP031|Mr||John|Smith|Alexander|Taylor0876|876 Station Road|Birmingham|Handsworth|Birchfield|West Midlands|B1 1BB|john.taylor-0876@test.cgi.com|0121 9876543|07700 900004|PL-0876|EF99007|£500.00|
APP012||Preview Finance 0877 Ltd|||||877 High Street|Walsall|Darlaston|Walsall|West Midlands|WS1 1SY|preview-finance-0877@test.cgi.com|0207 1234567|07700 900001|PL-0877|SW99062|Benjamin Young|
APP031|Mr||James|Edward|Thomas|Hargreaves0878|878 Park Road|Birmingham|Handsworth|Birchfield|West Midlands|B1 1BB|james.hargreaves-0878@test.cgi.com|0121 9876543|07700 900002|PL-0878|EF99007|£500.00|
APP012||Preview Corporation 0879 Ltd|||||879 Market Road|Walsall|Darlaston|Walsall|West Midlands|WS1 1SY|preview-corporation-0879@test.cgi.com|0207 1234567|07700 900003|PL-0879|RE99001|Test Address 879|
APP031|Mr||John|Smith|Alexander|Taylor0880|880 Station Road|Birmingham|Handsworth|Birchfield|West Midlands|B1 1BB|john.taylor-0880@test.cgi.com|0121 9876543|07700 900004|PL-0880|EF99007|£500.00|
APP012||Preview Finance 0881 Ltd|||||881 High Street|Walsall|Darlaston|Walsall|West Midlands|WS1 1SY|preview-finance-0881@test.cgi.com|0207 1234567|07700 900001|PL-0881|SW99062|Benjamin Young|
APP031|Mr||James|Edward|Thomas|Hargreaves0882|882 Park Road|Birmingham|Handsworth|Birchfield|West Midlands|B1 1BB|james.hargreaves-0882@test.cgi.com|0121 9876543|07700 900002|PL-0882|EF99007|£500.00|
APP012||Preview Corporation 0883 Ltd|||||883 Market Road|Walsall|Darlaston|Walsall|West Midlands|WS1 1SY|preview-corporation-0883@test.cgi.com|0207 1234567|07700 900003|PL-0883|RE99001|Test Address 883|
APP031|Mr||John|Smith|Alexander|Taylor0884|884 Station Road|Birmingham|Handsworth|Birchfield|West Midlands|B1 1BB|john.taylor-0884@test.cgi.com|0121 9876543|07700 900004|PL-0884|EF99007|£500.00|
APP012||Preview Finance 0885 Ltd|||||885 High Street|Walsall|Darlaston|Walsall|West Midlands|WS1 1SY|preview-finance-0885@test.cgi.com|0207 1234567|07700 900001|PL-0885|SW99062|Benjamin Young|
APP031|Mr||James|Edward|Thomas|Hargreaves0886|886 Park Road|Birmingham|Handsworth|Birchfield|West Midlands|B1 1BB|james.hargreaves-0886@test.cgi.com|0121 9876543|07700 900002|PL-0886|EF99007|£500.00|
APP012||Preview Corporation 0887 Ltd|||||887 Market Road|Walsall|Darlaston|Walsall|West Midlands|WS1 1SY|preview-corporation-0887@test.cgi.com|0207 1234567|07700 900003|PL-0887|RE99001|Test Address 887|
APP031|Mr||John|Smith|Alexander|Taylor0888|888 Station Road|Birmingham|Handsworth|Birchfield|West Midlands|B1 1BB|john.taylor-0888@test.cgi.com|0121 9876543|07700 900004|PL-0888|EF99007|£500.00|
APP012||Preview Finance 0889 Ltd|||||889 High Street|Walsall|Darlaston|Walsall|West Midlands|WS1 1SY|preview-finance-0889@test.cgi.com|0207 1234567|07700 900001|PL-0889|SW99062|Benjamin Young|
APP031|Mr||James|Edward|Thomas|Hargreaves0890|890 Park Road|Birmingham|Handsworth|Birchfield|West Midlands|B1 1BB|james.hargreaves-0890@test.cgi.com|0121 9876543|07700 900002|PL-0890|EF99007|£500.00|
APP012||Preview Corporation 0891 Ltd|||||891 Market Road|Walsall|Darlaston|Walsall|West Midlands|WS1 1SY|preview-corporation-0891@test.cgi.com|0207 1234567|07700 900003|PL-0891|RE99001|Test Address 891|
APP031|Mr||John|Smith|Alexander|Taylor0892|892 Station Road|Birmingham|Handsworth|Birchfield|West Midlands|B1 1BB|john.taylor-0892@test.cgi.com|0121 9876543|07700 900004|PL-0892|EF99007|£500.00|
APP012||Preview Finance 0893 Ltd|||||893 High Street|Walsall|Darlaston|Walsall|West Midlands|WS1 1SY|preview-finance-0893@test.cgi.com|0207 1234567|07700 900001|PL-0893|SW99062|Benjamin Young|
APP031|Mr||James|Edward|Thomas|Hargreaves0894|894 Park Road|Birmingham|Handsworth|Birchfield|West Midlands|B1 1BB|james.hargreaves-0894@test.cgi.com|0121 9876543|07700 900002|PL-0894|EF99007|£500.00|
APP012||Preview Corporation 0895 Ltd|||||895 Market Road|Walsall|Darlaston|Walsall|West Midlands|WS1 1SY|preview-corporation-0895@test.cgi.com|0207 1234567|07700 900003|PL-0895|RE99001|Test Address 895|
APP031|Mr||John|Smith|Alexander|Taylor0896|896 Station Road|Birmingham|Handsworth|Birchfield|West Midlands|B1 1BB|john.taylor-0896@test.cgi.com|0121 9876543|07700 900004|PL-0896|EF99007|£500.00|
APP012||Preview Finance 0897 Ltd|||||897 High Street|Walsall|Darlaston|Walsall|West Midlands|WS1 1SY|preview-finance-0897@test.cgi.com|0207 1234567|07700 900001|PL-0897|SW99062|Benjamin Young|
APP031|Mr||James|Edward|Thomas|Hargreaves0898|898 Park Road|Birmingham|Handsworth|Birchfield|West Midlands|B1 1BB|james.hargreaves-0898@test.cgi.com|0121 9876543|07700 900002|PL-0898|EF99007|£500.00|
APP012||Preview Corporation 0899 Ltd|||||899 Market Road|Walsall|Darlaston|Walsall|West Midlands|WS1 1SY|preview-corporation-0899@test.cgi.com|0207 1234567|07700 900003|PL-0899|RE99001|Test Address 899|
APP031|Mr||John|Smith|Alexander|Taylor0900|900 Station Road|Birmingham|Handsworth|Birchfield|West Midlands|B1 1BB|john.taylor-0900@test.cgi.com|0121 9876543|07700 900004|PL-0900|EF99007|£500.00|
APP012||Preview Finance 0901 Ltd|||||901 High Street|Walsall|Darlaston|Walsall|West Midlands|WS1 1SY|preview-finance-0901@test.cgi.com|0207 1234567|07700 900001|PL-0901|SW99062|Benjamin Young|
APP031|Mr||James|Edward|Thomas|Hargreaves0902|902 Park Road|Birmingham|Handsworth|Birchfield|West Midlands|B1 1BB|james.hargreaves-0902@test.cgi.com|0121 9876543|07700 900002|PL-0902|EF99007|£500.00|
APP012||Preview Corporation 0903 Ltd|||||903 Market Road|Walsall|Darlaston|Walsall|West Midlands|WS1 1SY|preview-corporation-0903@test.cgi.com|0207 1234567|07700 900003|PL-0903|RE99001|Test Address 903|
APP031|Mr||John|Smith|Alexander|Taylor0904|904 Station Road|Birmingham|Handsworth|Birchfield|West Midlands|B1 1BB|john.taylor-0904@test.cgi.com|0121 9876543|07700 900004|PL-0904|EF99007|£500.00|
APP012||Preview Finance 0905 Ltd|||||905 High Street|Walsall|Darlaston|Walsall|West Midlands|WS1 1SY|preview-finance-0905@test.cgi.com|0207 1234567|07700 900001|PL-0905|SW99062|Benjamin Young|
APP031|Mr||James|Edward|Thomas|Hargreaves0906|906 Park Road|Birmingham|Handsworth|Birchfield|West Midlands|B1 1BB|james.hargreaves-0906@test.cgi.com|0121 9876543|07700 900002|PL-0906|EF99007|£500.00|
APP012||Preview Corporation 0907 Ltd|||||907 Market Road|Walsall|Darlaston|Walsall|West Midlands|WS1 1SY|preview-corporation-0907@test.cgi.com|0207 1234567|07700 900003|PL-0907|RE99001|Test Address 907|
APP031|Mr||John|Smith|Alexander|Taylor0908|908 Station Road|Birmingham|Handsworth|Birchfield|West Midlands|B1 1BB|john.taylor-0908@test.cgi.com|0121 9876543|07700 900004|PL-0908|EF99007|£500.00|
APP012||Preview Finance 0909 Ltd|||||909 High Street|Walsall|Darlaston|Walsall|West Midlands|WS1 1SY|preview-finance-0909@test.cgi.com|0207 1234567|07700 900001|PL-0909|SW99062|Benjamin Young|
APP031|Mr||James|Edward|Thomas|Hargreaves0910|910 Park Road|Birmingham|Handsworth|Birchfield|West Midlands|B1 1BB|james.hargreaves-0910@test.cgi.com|0121 9876543|07700 900002|PL-0910|EF99007|£500.00|
APP012||Preview Corporation 0911 Ltd|||||911 Market Road|Walsall|Darlaston|Walsall|West Midlands|WS1 1SY|preview-corporation-0911@test.cgi.com|0207 1234567|07700 900003|PL-0911|RE99001|Test Address 911|
APP031|Mr||John|Smith|Alexander|Taylor0912|912 Station Road|Birmingham|Handsworth|Birchfield|West Midlands|B1 1BB|john.taylor-0912@test.cgi.com|0121 9876543|07700 900004|PL-0912|EF99007|£500.00|
APP012||Preview Finance 0913 Ltd|||||913 High Street|Walsall|Darlaston|Walsall|West Midlands|WS1 1SY|preview-finance-0913@test.cgi.com|0207 1234567|07700 900001|PL-0913|SW99062|Benjamin Young|
APP031|Mr||James|Edward|Thomas|Hargreaves0914|914 Park Road|Birmingham|Handsworth|Birchfield|West Midlands|B1 1BB|james.hargreaves-0914@test.cgi.com|0121 9876543|07700 900002|PL-0914|EF99007|£500.00|
APP012||Preview Corporation 0915 Ltd|||||915 Market Road|Walsall|Darlaston|Walsall|West Midlands|WS1 1SY|preview-corporation-0915@test.cgi.com|0207 1234567|07700 900003|PL-0915|RE99001|Test Address 915|
APP031|Mr||John|Smith|Alexander|Taylor0916|916 Station Road|Birmingham|Handsworth|Birchfield|West Midlands|B1 1BB|john.taylor-0916@test.cgi.com|0121 9876543|07700 900004|PL-0916|EF99007|£500.00|
APP012||Preview Finance 0917 Ltd|||||917 High Street|Walsall|Darlaston|Walsall|West Midlands|WS1 1SY|preview-finance-0917@test.cgi.com|0207 1234567|07700 900001|PL-0917|SW99062|Benjamin Young|
APP031|Mr||James|Edward|Thomas|Hargreaves0918|918 Park Road|Birmingham|Handsworth|Birchfield|West Midlands|B1 1BB|james.hargreaves-0918@test.cgi.com|0121 9876543|07700 900002|PL-0918|EF99007|£500.00|
APP012||Preview Corporation 0919 Ltd|||||919 Market Road|Walsall|Darlaston|Walsall|West Midlands|WS1 1SY|preview-corporation-0919@test.cgi.com|0207 1234567|07700 900003|PL-0919|RE99001|Test Address 919|
APP031|Mr||John|Smith|Alexander|Taylor0920|920 Station Road|Birmingham|Handsworth|Birchfield|West Midlands|B1 1BB|john.taylor-0920@test.cgi.com|0121 9876543|07700 900004|PL-0920|EF99007|£500.00|
APP012||Preview Finance 0921 Ltd|||||921 High Street|Walsall|Darlaston|Walsall|West Midlands|WS1 1SY|preview-finance-0921@test.cgi.com|0207 1234567|07700 900001|PL-0921|SW99062|Benjamin Young|
APP031|Mr||James|Edward|Thomas|Hargreaves0922|922 Park Road|Birmingham|Handsworth|Birchfield|West Midlands|B1 1BB|james.hargreaves-0922@test.cgi.com|0121 9876543|07700 900002|PL-0922|EF99007|£500.00|
APP012||Preview Corporation 0923 Ltd|||||923 Market Road|Walsall|Darlaston|Walsall|West Midlands|WS1 1SY|preview-corporation-0923@test.cgi.com|0207 1234567|07700 900003|PL-0923|RE99001|Test Address 923|
APP031|Mr||John|Smith|Alexander|Taylor0924|924 Station Road|Birmingham|Handsworth|Birchfield|West Midlands|B1 1BB|john.taylor-0924@test.cgi.com|0121 9876543|07700 900004|PL-0924|EF99007|£500.00|
APP012||Preview Finance 0925 Ltd|||||925 High Street|Walsall|Darlaston|Walsall|West Midlands|WS1 1SY|preview-finance-0925@test.cgi.com|0207 1234567|07700 900001|PL-0925|SW99062|Benjamin Young|
APP031|Mr||James|Edward|Thomas|Hargreaves0926|926 Park Road|Birmingham|Handsworth|Birchfield|West Midlands|B1 1BB|james.hargreaves-0926@test.cgi.com|0121 9876543|07700 900002|PL-0926|EF99007|£500.00|
APP012||Preview Corporation 0927 Ltd|||||927 Market Road|Walsall|Darlaston|Walsall|West Midlands|WS1 1SY|preview-corporation-0927@test.cgi.com|0207 1234567|07700 900003|PL-0927|RE99001|Test Address 927|
APP031|Mr||John|Smith|Alexander|Taylor0928|928 Station Road|Birmingham|Handsworth|Birchfield|West Midlands|B1 1BB|john.taylor-0928@test.cgi.com|0121 9876543|07700 900004|PL-0928|EF99007|£500.00|
APP012||Preview Finance 0929 Ltd|||||929 High Street|Walsall|Darlaston|Walsall|West Midlands|WS1 1SY|preview-finance-0929@test.cgi.com|0207 1234567|07700 900001|PL-0929|SW99062|Benjamin Young|
APP031|Mr||James|Edward|Thomas|Hargreaves0930|930 Park Road|Birmingham|Handsworth|Birchfield|West Midlands|B1 1BB|james.hargreaves-0930@test.cgi.com|0121 9876543|07700 900002|PL-0930|EF99007|£500.00|
APP012||Preview Corporation 0931 Ltd|||||931 Market Road|Walsall|Darlaston|Walsall|West Midlands|WS1 1SY|preview-corporation-0931@test.cgi.com|0207 1234567|07700 900003|PL-0931|RE99001|Test Address 931|
APP031|Mr||John|Smith|Alexander|Taylor0932|932 Station Road|Birmingham|Handsworth|Birchfield|West Midlands|B1 1BB|john.taylor-0932@test.cgi.com|0121 9876543|07700 900004|PL-0932|EF99007|£500.00|
APP012||Preview Finance 0933 Ltd|||||933 High Street|Walsall|Darlaston|Walsall|West Midlands|WS1 1SY|preview-finance-0933@test.cgi.com|0207 1234567|07700 900001|PL-0933|SW99062|Benjamin Young|
APP031|Mr||James|Edward|Thomas|Hargreaves0934|934 Park Road|Birmingham|Handsworth|Birchfield|West Midlands|B1 1BB|james.hargreaves-0934@test.cgi.com|0121 9876543|07700 900002|PL-0934|EF99007|£500.00|
APP012||Preview Corporation 0935 Ltd|||||935 Market Road|Walsall|Darlaston|Walsall|West Midlands|WS1 1SY|preview-corporation-0935@test.cgi.com|0207 1234567|07700 900003|PL-0935|RE99001|Test Address 935|
APP031|Mr||John|Smith|Alexander|Taylor0936|936 Station Road|Birmingham|Handsworth|Birchfield|West Midlands|B1 1BB|john.taylor-0936@test.cgi.com|0121 9876543|07700 900004|PL-0936|EF99007|£500.00|
APP012||Preview Finance 0937 Ltd|||||937 High Street|Walsall|Darlaston|Walsall|West Midlands|WS1 1SY|preview-finance-0937@test.cgi.com|0207 1234567|07700 900001|PL-0937|SW99062|Benjamin Young|
APP031|Mr||James|Edward|Thomas|Hargreaves0938|938 Park Road|Birmingham|Handsworth|Birchfield|West Midlands|B1 1BB|james.hargreaves-0938@test.cgi.com|0121 9876543|07700 900002|PL-0938|EF99007|£500.00|
APP012||Preview Corporation 0939 Ltd|||||939 Market Road|Walsall|Darlaston|Walsall|West Midlands|WS1 1SY|preview-corporation-0939@test.cgi.com|0207 1234567|07700 900003|PL-0939|RE99001|Test Address 939|
APP031|Mr||John|Smith|Alexander|Taylor0940|940 Station Road|Birmingham|Handsworth|Birchfield|West Midlands|B1 1BB|john.taylor-0940@test.cgi.com|0121 9876543|07700 900004|PL-0940|EF99007|£500.00|
APP012||Preview Finance 0941 Ltd|||||941 High Street|Walsall|Darlaston|Walsall|West Midlands|WS1 1SY|preview-finance-0941@test.cgi.com|0207 1234567|07700 900001|PL-0941|SW99062|Benjamin Young|
APP031|Mr||James|Edward|Thomas|Hargreaves0942|942 Park Road|Birmingham|Handsworth|Birchfield|West Midlands|B1 1BB|james.hargreaves-0942@test.cgi.com|0121 9876543|07700 900002|PL-0942|EF99007|£500.00|
APP012||Preview Corporation 0943 Ltd|||||943 Market Road|Walsall|Darlaston|Walsall|West Midlands|WS1 1SY|preview-corporation-0943@test.cgi.com|0207 1234567|07700 900003|PL-0943|RE99001|Test Address 943|
APP031|Mr||John|Smith|Alexander|Taylor0944|944 Station Road|Birmingham|Handsworth|Birchfield|West Midlands|B1 1BB|john.taylor-0944@test.cgi.com|0121 9876543|07700 900004|PL-0944|EF99007|£500.00|
APP012||Preview Finance 0945 Ltd|||||945 High Street|Walsall|Darlaston|Walsall|West Midlands|WS1 1SY|preview-finance-0945@test.cgi.com|0207 1234567|07700 900001|PL-0945|SW99062|Benjamin Young|
APP031|Mr||James|Edward|Thomas|Hargreaves0946|946 Park Road|Birmingham|Handsworth|Birchfield|West Midlands|B1 1BB|james.hargreaves-0946@test.cgi.com|0121 9876543|07700 900002|PL-0946|EF99007|£500.00|
APP012||Preview Corporation 0947 Ltd|||||947 Market Road|Walsall|Darlaston|Walsall|West Midlands|WS1 1SY|preview-corporation-0947@test.cgi.com|0207 1234567|07700 900003|PL-0947|RE99001|Test Address 947|
APP031|Mr||John|Smith|Alexander|Taylor0948|948 Station Road|Birmingham|Handsworth|Birchfield|West Midlands|B1 1BB|john.taylor-0948@test.cgi.com|0121 9876543|07700 900004|PL-0948|EF99007|£500.00|
APP012||Preview Finance 0949 Ltd|||||949 High Street|Walsall|Darlaston|Walsall|West Midlands|WS1 1SY|preview-finance-0949@test.cgi.com|0207 1234567|07700 900001|PL-0949|SW99062|Benjamin Young|
APP031|Mr||James|Edward|Thomas|Hargreaves0950|950 Park Road|Birmingham|Handsworth|Birchfield|West Midlands|B1 1BB|james.hargreaves-0950@test.cgi.com|0121 9876543|07700 900002|PL-0950|EF99007|£500.00|
APP012||Preview Corporation 0951 Ltd|||||951 Market Road|Walsall|Darlaston|Walsall|West Midlands|WS1 1SY|preview-corporation-0951@test.cgi.com|0207 1234567|07700 900003|PL-0951|RE99001|Test Address 951|
APP031|Mr||John|Smith|Alexander|Taylor0952|952 Station Road|Birmingham|Handsworth|Birchfield|West Midlands|B1 1BB|john.taylor-0952@test.cgi.com|0121 9876543|07700 900004|PL-0952|EF99007|£500.00|
APP012||Preview Finance 0953 Ltd|||||953 High Street|Walsall|Darlaston|Walsall|West Midlands|WS1 1SY|preview-finance-0953@test.cgi.com|0207 1234567|07700 900001|PL-0953|SW99062|Benjamin Young|
APP031|Mr||James|Edward|Thomas|Hargreaves0954|954 Park Road|Birmingham|Handsworth|Birchfield|West Midlands|B1 1BB|james.hargreaves-0954@test.cgi.com|0121 9876543|07700 900002|PL-0954|EF99007|£500.00|
APP012||Preview Corporation 0955 Ltd|||||955 Market Road|Walsall|Darlaston|Walsall|West Midlands|WS1 1SY|preview-corporation-0955@test.cgi.com|0207 1234567|07700 900003|PL-0955|RE99001|Test Address 955|
APP031|Mr||John|Smith|Alexander|Taylor0956|956 Station Road|Birmingham|Handsworth|Birchfield|West Midlands|B1 1BB|john.taylor-0956@test.cgi.com|0121 9876543|07700 900004|PL-0956|EF99007|£500.00|
APP012||Preview Finance 0957 Ltd|||||957 High Street|Walsall|Darlaston|Walsall|West Midlands|WS1 1SY|preview-finance-0957@test.cgi.com|0207 1234567|07700 900001|PL-0957|SW99062|Benjamin Young|
APP031|Mr||James|Edward|Thomas|Hargreaves0958|958 Park Road|Birmingham|Handsworth|Birchfield|West Midlands|B1 1BB|james.hargreaves-0958@test.cgi.com|0121 9876543|07700 900002|PL-0958|EF99007|£500.00|
APP012||Preview Corporation 0959 Ltd|||||959 Market Road|Walsall|Darlaston|Walsall|West Midlands|WS1 1SY|preview-corporation-0959@test.cgi.com|0207 1234567|07700 900003|PL-0959|RE99001|Test Address 959|
APP031|Mr||John|Smith|Alexander|Taylor0960|960 Station Road|Birmingham|Handsworth|Birchfield|West Midlands|B1 1BB|john.taylor-0960@test.cgi.com|0121 9876543|07700 900004|PL-0960|EF99007|£500.00|
APP012||Preview Finance 0961 Ltd|||||961 High Street|Walsall|Darlaston|Walsall|West Midlands|WS1 1SY|preview-finance-0961@test.cgi.com|0207 1234567|07700 900001|PL-0961|SW99062|Benjamin Young|
APP031|Mr||James|Edward|Thomas|Hargreaves0962|962 Park Road|Birmingham|Handsworth|Birchfield|West Midlands|B1 1BB|james.hargreaves-0962@test.cgi.com|0121 9876543|07700 900002|PL-0962|EF99007|£500.00|
APP012||Preview Corporation 0963 Ltd|||||963 Market Road|Walsall|Darlaston|Walsall|West Midlands|WS1 1SY|preview-corporation-0963@test.cgi.com|0207 1234567|07700 900003|PL-0963|RE99001|Test Address 963|
APP031|Mr||John|Smith|Alexander|Taylor0964|964 Station Road|Birmingham|Handsworth|Birchfield|West Midlands|B1 1BB|john.taylor-0964@test.cgi.com|0121 9876543|07700 900004|PL-0964|EF99007|£500.00|
APP012||Preview Finance 0965 Ltd|||||965 High Street|Walsall|Darlaston|Walsall|West Midlands|WS1 1SY|preview-finance-0965@test.cgi.com|0207 1234567|07700 900001|PL-0965|SW99062|Benjamin Young|
APP031|Mr||James|Edward|Thomas|Hargreaves0966|966 Park Road|Birmingham|Handsworth|Birchfield|West Midlands|B1 1BB|james.hargreaves-0966@test.cgi.com|0121 9876543|07700 900002|PL-0966|EF99007|£500.00|
APP012||Preview Corporation 0967 Ltd|||||967 Market Road|Walsall|Darlaston|Walsall|West Midlands|WS1 1SY|preview-corporation-0967@test.cgi.com|0207 1234567|07700 900003|PL-0967|RE99001|Test Address 967|
APP031|Mr||John|Smith|Alexander|Taylor0968|968 Station Road|Birmingham|Handsworth|Birchfield|West Midlands|B1 1BB|john.taylor-0968@test.cgi.com|0121 9876543|07700 900004|PL-0968|EF99007|£500.00|
APP012||Preview Finance 0969 Ltd|||||969 High Street|Walsall|Darlaston|Walsall|West Midlands|WS1 1SY|preview-finance-0969@test.cgi.com|0207 1234567|07700 900001|PL-0969|SW99062|Benjamin Young|
APP031|Mr||James|Edward|Thomas|Hargreaves0970|970 Park Road|Birmingham|Handsworth|Birchfield|West Midlands|B1 1BB|james.hargreaves-0970@test.cgi.com|0121 9876543|07700 900002|PL-0970|EF99007|£500.00|
APP012||Preview Corporation 0971 Ltd|||||971 Market Road|Walsall|Darlaston|Walsall|West Midlands|WS1 1SY|preview-corporation-0971@test.cgi.com|0207 1234567|07700 900003|PL-0971|RE99001|Test Address 971|
APP031|Mr||John|Smith|Alexander|Taylor0972|972 Station Road|Birmingham|Handsworth|Birchfield|West Midlands|B1 1BB|john.taylor-0972@test.cgi.com|0121 9876543|07700 900004|PL-0972|EF99007|£500.00|
APP012||Preview Finance 0973 Ltd|||||973 High Street|Walsall|Darlaston|Walsall|West Midlands|WS1 1SY|preview-finance-0973@test.cgi.com|0207 1234567|07700 900001|PL-0973|SW99062|Benjamin Young|
APP031|Mr||James|Edward|Thomas|Hargreaves0974|974 Park Road|Birmingham|Handsworth|Birchfield|West Midlands|B1 1BB|james.hargreaves-0974@test.cgi.com|0121 9876543|07700 900002|PL-0974|EF99007|£500.00|
APP012||Preview Corporation 0975 Ltd|||||975 Market Road|Walsall|Darlaston|Walsall|West Midlands|WS1 1SY|preview-corporation-0975@test.cgi.com|0207 1234567|07700 900003|PL-0975|RE99001|Test Address 975|
APP031|Mr||John|Smith|Alexander|Taylor0976|976 Station Road|Birmingham|Handsworth|Birchfield|West Midlands|B1 1BB|john.taylor-0976@test.cgi.com|0121 9876543|07700 900004|PL-0976|EF99007|£500.00|
APP012||Preview Finance 0977 Ltd|||||977 High Street|Walsall|Darlaston|Walsall|West Midlands|WS1 1SY|preview-finance-0977@test.cgi.com|0207 1234567|07700 900001|PL-0977|SW99062|Benjamin Young|
APP031|Mr||James|Edward|Thomas|Hargreaves0978|978 Park Road|Birmingham|Handsworth|Birchfield|West Midlands|B1 1BB|james.hargreaves-0978@test.cgi.com|0121 9876543|07700 900002|PL-0978|EF99007|£500.00|
APP012||Preview Corporation 0979 Ltd|||||979 Market Road|Walsall|Darlaston|Walsall|West Midlands|WS1 1SY|preview-corporation-0979@test.cgi.com|0207 1234567|07700 900003|PL-0979|RE99001|Test Address 979|
APP031|Mr||John|Smith|Alexander|Taylor0980|980 Station Road|Birmingham|Handsworth|Birchfield|West Midlands|B1 1BB|john.taylor-0980@test.cgi.com|0121 9876543|07700 900004|PL-0980|EF99007|£500.00|
APP012||Preview Finance 0981 Ltd|||||981 High Street|Walsall|Darlaston|Walsall|West Midlands|WS1 1SY|preview-finance-0981@test.cgi.com|0207 1234567|07700 900001|PL-0981|SW99062|Benjamin Young|
APP031|Mr||James|Edward|Thomas|Hargreaves0982|982 Park Road|Birmingham|Handsworth|Birchfield|West Midlands|B1 1BB|james.hargreaves-0982@test.cgi.com|0121 9876543|07700 900002|PL-0982|EF99007|£500.00|
APP012||Preview Corporation 0983 Ltd|||||983 Market Road|Walsall|Darlaston|Walsall|West Midlands|WS1 1SY|preview-corporation-0983@test.cgi.com|0207 1234567|07700 900003|PL-0983|RE99001|Test Address 983|
APP031|Mr||John|Smith|Alexander|Taylor0984|984 Station Road|Birmingham|Handsworth|Birchfield|West Midlands|B1 1BB|john.taylor-0984@test.cgi.com|0121 9876543|07700 900004|PL-0984|EF99007|£500.00|
APP012||Preview Finance 0985 Ltd|||||985 High Street|Walsall|Darlaston|Walsall|West Midlands|WS1 1SY|preview-finance-0985@test.cgi.com|0207 1234567|07700 900001|PL-0985|SW99062|Benjamin Young|
APP031|Mr||James|Edward|Thomas|Hargreaves0986|986 Park Road|Birmingham|Handsworth|Birchfield|West Midlands|B1 1BB|james.hargreaves-0986@test.cgi.com|0121 9876543|07700 900002|PL-0986|EF99007|£500.00|
APP012||Preview Corporation 0987 Ltd|||||987 Market Road|Walsall|Darlaston|Walsall|West Midlands|WS1 1SY|preview-corporation-0987@test.cgi.com|0207 1234567|07700 900003|PL-0987|RE99001|Test Address 987|
APP031|Mr||John|Smith|Alexander|Taylor0988|988 Station Road|Birmingham|Handsworth|Birchfield|West Midlands|B1 1BB|john.taylor-0988@test.cgi.com|0121 9876543|07700 900004|PL-0988|EF99007|£500.00|
APP012||Preview Finance 0989 Ltd|||||989 High Street|Walsall|Darlaston|Walsall|West Midlands|WS1 1SY|preview-finance-0989@test.cgi.com|0207 1234567|07700 900001|PL-0989|SW99062|Benjamin Young|
APP031|Mr||James|Edward|Thomas|Hargreaves0990|990 Park Road|Birmingham|Handsworth|Birchfield|West Midlands|B1 1BB|james.hargreaves-0990@test.cgi.com|0121 9876543|07700 900002|PL-0990|EF99007|£500.00|
APP012||Preview Corporation 0991 Ltd|||||991 Market Road|Walsall|Darlaston|Walsall|West Midlands|WS1 1SY|preview-corporation-0991@test.cgi.com|0207 1234567|07700 900003|PL-0991|RE99001|Test Address 991|
APP031|Mr||John|Smith|Alexander|Taylor0992|992 Station Road|Birmingham|Handsworth|Birchfield|West Midlands|B1 1BB|john.taylor-0992@test.cgi.com|0121 9876543|07700 900004|PL-0992|EF99007|£500.00|
APP012||Preview Finance 0993 Ltd|||||993 High Street|Walsall|Darlaston|Walsall|West Midlands|WS1 1SY|preview-finance-0993@test.cgi.com|0207 1234567|07700 900001|PL-0993|SW99062|Benjamin Young|
APP031|Mr||James|Edward|Thomas|Hargreaves0994|994 Park Road|Birmingham|Handsworth|Birchfield|West Midlands|B1 1BB|james.hargreaves-0994@test.cgi.com|0121 9876543|07700 900002|PL-0994|EF99007|£500.00|
APP012||Preview Corporation 0995 Ltd|||||995 Market Road|Walsall|Darlaston|Walsall|West Midlands|WS1 1SY|preview-corporation-0995@test.cgi.com|0207 1234567|07700 900003|PL-0995|RE99001|Test Address 995|
APP031|Mr||John|Smith|Alexander|Taylor0996|996 Station Road|Birmingham|Handsworth|Birchfield|West Midlands|B1 1BB|john.taylor-0996@test.cgi.com|0121 9876543|07700 900004|PL-0996|EF99007|£500.00|
APP012||Preview Finance 0997 Ltd|||||997 High Street|Walsall|Darlaston|Walsall|West Midlands|WS1 1SY|preview-finance-0997@test.cgi.com|0207 1234567|07700 900001|PL-0997|SW99062|Benjamin Young|
APP031|Mr||James|Edward|Thomas|Hargreaves0998|998 Park Road|Birmingham|Handsworth|Birchfield|West Midlands|B1 1BB|james.hargreaves-0998@test.cgi.com|0121 9876543|07700 900002|PL-0998|EF99007|£500.00|
APP012||Preview Corporation 0999 Ltd|||||999 Market Road|Walsall|Darlaston|Walsall|West Midlands|WS1 1SY|preview-corporation-0999@test.cgi.com|0207 1234567|07700 900003|PL-0999|RE99001|Test Address 999|
APP031|Mr||John|Smith|Alexander|Taylor1000|1000 Station Road|Birmingham|Handsworth|Birchfield|West Midlands|B1 1BB|john.taylor-1000@test.cgi.com|0121 9876543|07700 900004|PL-1000|EF99007|£500.00|
APP012||Preview Finance 1001 Ltd|||||1001 High Street|Walsall|Darlaston|Walsall|West Midlands|WS1 1SY|preview-finance-1001@test.cgi.com|0207 1234567|07700 900001|PL-1001|SW99062|Benjamin Young|
APP031|Mr||James|Edward|Thomas|Hargreaves1002|1002 Park Road|Birmingham|Handsworth|Birchfield|West Midlands|B1 1BB|james.hargreaves-1002@test.cgi.com|0121 9876543|07700 900002|PL-1002|EF99007|£500.00|
APP012||Preview Corporation 1003 Ltd|||||1003 Market Road|Walsall|Darlaston|Walsall|West Midlands|WS1 1SY|preview-corporation-1003@test.cgi.com|0207 1234567|07700 900003|PL-1003|RE99001|Test Address 1003|
APP031|Mr||John|Smith|Alexander|Taylor1004|1004 Station Road|Birmingham|Handsworth|Birchfield|West Midlands|B1 1BB|john.taylor-1004@test.cgi.com|0121 9876543|07700 900004|PL-1004|EF99007|£500.00|
APP012||Preview Finance 1005 Ltd|||||1005 High Street|Walsall|Darlaston|Walsall|West Midlands|WS1 1SY|preview-finance-1005@test.cgi.com|0207 1234567|07700 900001|PL-1005|SW99062|Benjamin Young|
APP031|Mr||James|Edward|Thomas|Hargreaves1006|1006 Park Road|Birmingham|Handsworth|Birchfield|West Midlands|B1 1BB|james.hargreaves-1006@test.cgi.com|0121 9876543|07700 900002|PL-1006|EF99007|£500.00|
APP012||Preview Corporation 1007 Ltd|||||1007 Market Road|Walsall|Darlaston|Walsall|West Midlands|WS1 1SY|preview-corporation-1007@test.cgi.com|0207 1234567|07700 900003|PL-1007|RE99001|Test Address 1007|
APP031|Mr||John|Smith|Alexander|Taylor1008|1008 Station Road|Birmingham|Handsworth|Birchfield|West Midlands|B1 1BB|john.taylor-1008@test.cgi.com|0121 9876543|07700 900004|PL-1008|EF99007|£500.00|
APP012||Preview Finance 1009 Ltd|||||1009 High Street|Walsall|Darlaston|Walsall|West Midlands|WS1 1SY|preview-finance-1009@test.cgi.com|0207 1234567|07700 900001|PL-1009|SW99062|Benjamin Young|
APP031|Mr||James|Edward|Thomas|Hargreaves1010|1010 Park Road|Birmingham|Handsworth|Birchfield|West Midlands|B1 1BB|james.hargreaves-1010@test.cgi.com|0121 9876543|07700 900002|PL-1010|EF99007|£500.00|
APP012||Preview Corporation 1011 Ltd|||||1011 Market Road|Walsall|Darlaston|Walsall|West Midlands|WS1 1SY|preview-corporation-1011@test.cgi.com|0207 1234567|07700 900003|PL-1011|RE99001|Test Address 1011|
APP031|Mr||John|Smith|Alexander|Taylor1012|1012 Station Road|Birmingham|Handsworth|Birchfield|West Midlands|B1 1BB|john.taylor-1012@test.cgi.com|0121 9876543|07700 900004|PL-1012|EF99007|£500.00|
APP012||Preview Finance 1013 Ltd|||||1013 High Street|Walsall|Darlaston|Walsall|West Midlands|WS1 1SY|preview-finance-1013@test.cgi.com|0207 1234567|07700 900001|PL-1013|SW99062|Benjamin Young|
APP031|Mr||James|Edward|Thomas|Hargreaves1014|1014 Park Road|Birmingham|Handsworth|Birchfield|West Midlands|B1 1BB|james.hargreaves-1014@test.cgi.com|0121 9876543|07700 900002|PL-1014|EF99007|£500.00|
APP012||Preview Corporation 1015 Ltd|||||1015 Market Road|Walsall|Darlaston|Walsall|West Midlands|WS1 1SY|preview-corporation-1015@test.cgi.com|0207 1234567|07700 900003|PL-1015|RE99001|Test Address 1015|
APP031|Mr||John|Smith|Alexander|Taylor1016|1016 Station Road|Birmingham|Handsworth|Birchfield|West Midlands|B1 1BB|john.taylor-1016@test.cgi.com|0121 9876543|07700 900004|PL-1016|EF99007|£500.00|
APP012||Preview Finance 1017 Ltd|||||1017 High Street|Walsall|Darlaston|Walsall|West Midlands|WS1 1SY|preview-finance-1017@test.cgi.com|0207 1234567|07700 900001|PL-1017|SW99062|Benjamin Young|
APP031|Mr||James|Edward|Thomas|Hargreaves1018|1018 Park Road|Birmingham|Handsworth|Birchfield|West Midlands|B1 1BB|james.hargreaves-1018@test.cgi.com|0121 9876543|07700 900002|PL-1018|EF99007|£500.00|
APP012||Preview Corporation 1019 Ltd|||||1019 Market Road|Walsall|Darlaston|Walsall|West Midlands|WS1 1SY|preview-corporation-1019@test.cgi.com|0207 1234567|07700 900003|PL-1019|RE99001|Test Address 1019|
APP031|Mr||John|Smith|Alexander|Taylor1020|1020 Station Road|Birmingham|Handsworth|Birchfield|West Midlands|B1 1BB|john.taylor-1020@test.cgi.com|0121 9876543|07700 900004|PL-1020|EF99007|£500.00|
APP012||Preview Finance 1021 Ltd|||||1021 High Street|Walsall|Darlaston|Walsall|West Midlands|WS1 1SY|preview-finance-1021@test.cgi.com|0207 1234567|07700 900001|PL-1021|SW99062|Benjamin Young|
APP031|Mr||James|Edward|Thomas|Hargreaves1022|1022 Park Road|Birmingham|Handsworth|Birchfield|West Midlands|B1 1BB|james.hargreaves-1022@test.cgi.com|0121 9876543|07700 900002|PL-1022|EF99007|£500.00|
APP012||Preview Corporation 1023 Ltd|||||1023 Market Road|Walsall|Darlaston|Walsall|West Midlands|WS1 1SY|preview-corporation-1023@test.cgi.com|0207 1234567|07700 900003|PL-1023|RE99001|Test Address 1023|
APP031|Mr||John|Smith|Alexander|Taylor1024|1024 Station Road|Birmingham|Handsworth|Birchfield|West Midlands|B1 1BB|john.taylor-1024@test.cgi.com|0121 9876543|07700 900004|PL-1024|EF99007|£500.00|
APP012||Preview Finance 1025 Ltd|||||1025 High Street|Walsall|Darlaston|Walsall|West Midlands|WS1 1SY|preview-finance-1025@test.cgi.com|0207 1234567|07700 900001|PL-1025|SW99062|Benjamin Young|
APP031|Mr||James|Edward|Thomas|Hargreaves1026|1026 Park Road|Birmingham|Handsworth|Birchfield|West Midlands|B1 1BB|james.hargreaves-1026@test.cgi.com|0121 9876543|07700 900002|PL-1026|EF99007|£500.00|
APP012||Preview Corporation 1027 Ltd|||||1027 Market Road|Walsall|Darlaston|Walsall|West Midlands|WS1 1SY|preview-corporation-1027@test.cgi.com|0207 1234567|07700 900003|PL-1027|RE99001|Test Address 1027|
APP031|Mr||John|Smith|Alexander|Taylor1028|1028 Station Road|Birmingham|Handsworth|Birchfield|West Midlands|B1 1BB|john.taylor-1028@test.cgi.com|0121 9876543|07700 900004|PL-1028|EF99007|£500.00|
APP012||Preview Finance 1029 Ltd|||||1029 High Street|Walsall|Darlaston|Walsall|West Midlands|WS1 1SY|preview-finance-1029@test.cgi.com|0207 1234567|07700 900001|PL-1029|SW99062|Benjamin Young|
APP031|Mr||James|Edward|Thomas|Hargreaves1030|1030 Park Road|Birmingham|Handsworth|Birchfield|West Midlands|B1 1BB|james.hargreaves-1030@test.cgi.com|0121 9876543|07700 900002|PL-1030|EF99007|£500.00|
APP012||Preview Corporation 1031 Ltd|||||1031 Market Road|Walsall|Darlaston|Walsall|West Midlands|WS1 1SY|preview-corporation-1031@test.cgi.com|0207 1234567|07700 900003|PL-1031|RE99001|Test Address 1031|
APP031|Mr||John|Smith|Alexander|Taylor1032|1032 Station Road|Birmingham|Handsworth|Birchfield|West Midlands|B1 1BB|john.taylor-1032@test.cgi.com|0121 9876543|07700 900004|PL-1032|EF99007|£500.00|
APP012||Preview Finance 1033 Ltd|||||1033 High Street|Walsall|Darlaston|Walsall|West Midlands|WS1 1SY|preview-finance-1033@test.cgi.com|0207 1234567|07700 900001|PL-1033|SW99062|Benjamin Young|
APP031|Mr||James|Edward|Thomas|Hargreaves1034|1034 Park Road|Birmingham|Handsworth|Birchfield|West Midlands|B1 1BB|james.hargreaves-1034@test.cgi.com|0121 9876543|07700 900002|PL-1034|EF99007|£500.00|
APP012||Preview Corporation 1035 Ltd|||||1035 Market Road|Walsall|Darlaston|Walsall|West Midlands|WS1 1SY|preview-corporation-1035@test.cgi.com|0207 1234567|07700 900003|PL-1035|RE99001|Test Address 1035|
APP031|Mr||John|Smith|Alexander|Taylor1036|1036 Station Road|Birmingham|Handsworth|Birchfield|West Midlands|B1 1BB|john.taylor-1036@test.cgi.com|0121 9876543|07700 900004|PL-1036|EF99007|£500.00|
APP012||Preview Finance 1037 Ltd|||||1037 High Street|Walsall|Darlaston|Walsall|West Midlands|WS1 1SY|preview-finance-1037@test.cgi.com|0207 1234567|07700 900001|PL-1037|SW99062|Benjamin Young|
APP031|Mr||James|Edward|Thomas|Hargreaves1038|1038 Park Road|Birmingham|Handsworth|Birchfield|West Midlands|B1 1BB|james.hargreaves-1038@test.cgi.com|0121 9876543|07700 900002|PL-1038|EF99007|£500.00|
APP012||Preview Corporation 1039 Ltd|||||1039 Market Road|Walsall|Darlaston|Walsall|West Midlands|WS1 1SY|preview-corporation-1039@test.cgi.com|0207 1234567|07700 900003|PL-1039|RE99001|Test Address 1039|
APP031|Mr||John|Smith|Alexander|Taylor1040|1040 Station Road|Birmingham|Handsworth|Birchfield|West Midlands|B1 1BB|john.taylor-1040@test.cgi.com|0121 9876543|07700 900004|PL-1040|EF99007|£500.00|
APP012||Preview Finance 1041 Ltd|||||1041 High Street|Walsall|Darlaston|Walsall|West Midlands|WS1 1SY|preview-finance-1041@test.cgi.com|0207 1234567|07700 900001|PL-1041|SW99062|Benjamin Young|
APP031|Mr||James|Edward|Thomas|Hargreaves1042|1042 Park Road|Birmingham|Handsworth|Birchfield|West Midlands|B1 1BB|james.hargreaves-1042@test.cgi.com|0121 9876543|07700 900002|PL-1042|EF99007|£500.00|
APP012||Preview Corporation 1043 Ltd|||||1043 Market Road|Walsall|Darlaston|Walsall|West Midlands|WS1 1SY|preview-corporation-1043@test.cgi.com|0207 1234567|07700 900003|PL-1043|RE99001|Test Address 1043|
APP031|Mr||John|Smith|Alexander|Taylor1044|1044 Station Road|Birmingham|Handsworth|Birchfield|West Midlands|B1 1BB|john.taylor-1044@test.cgi.com|0121 9876543|07700 900004|PL-1044|EF99007|£500.00|
APP012||Preview Finance 1045 Ltd|||||1045 High Street|Walsall|Darlaston|Walsall|West Midlands|WS1 1SY|preview-finance-1045@test.cgi.com|0207 1234567|07700 900001|PL-1045|SW99062|Benjamin Young|
APP031|Mr||James|Edward|Thomas|Hargreaves1046|1046 Park Road|Birmingham|Handsworth|Birchfield|West Midlands|B1 1BB|james.hargreaves-1046@test.cgi.com|0121 9876543|07700 900002|PL-1046|EF99007|£500.00|
APP012||Preview Corporation 1047 Ltd|||||1047 Market Road|Walsall|Darlaston|Walsall|West Midlands|WS1 1SY|preview-corporation-1047@test.cgi.com|0207 1234567|07700 900003|PL-1047|RE99001|Test Address 1047|
APP031|Mr||John|Smith|Alexander|Taylor1048|1048 Station Road|Birmingham|Handsworth|Birchfield|West Midlands|B1 1BB|john.taylor-1048@test.cgi.com|0121 9876543|07700 900004|PL-1048|EF99007|£500.00|
APP012||Preview Finance 1049 Ltd|||||1049 High Street|Walsall|Darlaston|Walsall|West Midlands|WS1 1SY|preview-finance-1049@test.cgi.com|0207 1234567|07700 900001|PL-1049|SW99062|Benjamin Young|
APP031|Mr||James|Edward|Thomas|Hargreaves1050|1050 Park Road|Birmingham|Handsworth|Birchfield|West Midlands|B1 1BB|james.hargreaves-1050@test.cgi.com|0121 9876543|07700 900002|PL-1050|EF99007|£500.00|
APP012||Preview Corporation 1051 Ltd|||||1051 Market Road|Walsall|Darlaston|Walsall|West Midlands|WS1 1SY|preview-corporation-1051@test.cgi.com|0207 1234567|07700 900003|PL-1051|RE99001|Test Address 1051|
